work_id,record_id,preferred_record_id,is_preferred_manifestation,dedup_rule,dedup_confidence,candidate_similarity,dedup_evidence_json,preferred_manifestation_rationale,source_group_ids_json
WORK-5BB9AAEE9A32EB4E,REC-A90ED129C90C94AD,REC-A90ED129C90C94AD,True,unique,1.0,,[],peer-reviewed manifestation; latest version breaks ties,"[""arxiv:0710.4812"",""title_sha256:2e50da1f938c33ff""]"
WORK-C3205BFDF5C04E9F,REC-AAB3600F00A60110,REC-AAB3600F00A60110,True,unique,1.0,,[],latest non-withdrawn preprint,"[""arxiv:0808.0247"",""title_sha256:805661552f0af5d8""]"
WORK-24BFFA21A0643E15,REC-61B0E818AB02E4D2,REC-61B0E818AB02E4D2,True,unique,1.0,,[],latest non-withdrawn preprint,"[""arxiv:0909.2795"",""title_sha256:550bfcaa1d81be28""]"
WORK-FC1372F8E0AF60D2,REC-E887FD9D5AB3827A,REC-E887FD9D5AB3827A,True,unique,1.0,,[],peer-reviewed manifestation; latest version breaks ties,"[""doi:10.1088/0004-6256/139/4/1681"",""arxiv:1002.2312"",""title_sha256:beec4f4f0a13afca""]"
WORK-253528675CBD2D66,REC-416B2DD45741AF37,REC-416B2DD45741AF37,True,unique,1.0,,[],peer-reviewed manifestation; latest version breaks ties,"[""doi:10.1088/0067-0049/188/2/488"",""arxiv:1005.4604"",""title_sha256:63cb9db82c860d71""]"
WORK-5D42908FE430A92F,REC-03C5614289D5B5ED,REC-03C5614289D5B5ED,True,unique,1.0,,[],peer-reviewed manifestation; latest version breaks ties,"[""arxiv:1006.2811"",""title_sha256:bd12f4ca3713eb3d""]"
WORK-8BE7E0A1396B63DF,REC-068D2E4C36E0A59F,REC-068D2E4C36E0A59F,True,unique,1.0,,[],latest non-withdrawn preprint,"[""arxiv:1007.2328"",""title_sha256:74f671f6cc6c000f""]"
WORK-22BF9F055EB3CBAD,REC-AAAC49C19C9048DC,REC-AAAC49C19C9048DC,True,unique,1.0,,[],latest non-withdrawn preprint,"[""arxiv:1008.1673"",""title_sha256:2cd3e2b7fde7f809""]"
WORK-68A6CE0B4877390B,REC-CE62EB126433974E,REC-CE62EB126433974E,True,unique,1.0,,[],peer-reviewed manifestation; latest version breaks ties,"[""doi:10.1051/0004-6361/201218864"",""arxiv:1203.3972"",""title_sha256:5eafe0fbee036ce2""]"
WORK-F1B1D6C896617E25,REC-B86DE6D6670ABBED,REC-B86DE6D6670ABBED,True,unique,1.0,,[],latest non-withdrawn preprint,"[""arxiv:1206.3332"",""title_sha256:b9fe81a28a9920c2""]"
WORK-52F1C291DA3C97EE,REC-082721F13E9FFC71,REC-082721F13E9FFC71,True,unique,1.0,,[],latest non-withdrawn preprint,"[""arxiv:1209.0732"",""title_sha256:b9906faf8b7b4719""]"
WORK-6680DFD3B945B3E9,REC-42EE9703F04DEB01,REC-42EE9703F04DEB01,True,unique,1.0,,[],peer-reviewed manifestation; latest version breaks ties,"[""doi:10.5121/vlsic.2012.3402"",""arxiv:1209.3061"",""title_sha256:76c8f82d7a56ec4e""]"
WORK-5A128B19817AD461,REC-ADAAD71114348F43,REC-ADAAD71114348F43,True,unique,1.0,,[],peer-reviewed manifestation; latest version breaks ties,"[""doi:10.5121/sipij.2013.4204"",""arxiv:1305.3251"",""title_sha256:8e6049f8feeb2475""]"
WORK-8EC1F46929A24CE3,REC-BA343A3251B11D61,REC-BA343A3251B11D61,True,unique,1.0,,[],peer-reviewed manifestation; latest version breaks ties,"[""doi:10.1364/josaa.31.001259"",""arxiv:1307.8019"",""title_sha256:e1d3aafba46966d9""]"
WORK-46BBD6616D6EA0B8,REC-8B22D9D0AE96DE69,REC-8B22D9D0AE96DE69,True,unique,1.0,,[],latest non-withdrawn preprint,"[""arxiv:1309.7843"",""title_sha256:9a51990ca2c9cd04""]"
WORK-79264B9AF0A38F19,REC-D0A5C080D9A7A8BB,REC-D0A5C080D9A7A8BB,True,unique,1.0,,[],latest non-withdrawn preprint,"[""arxiv:1401.8288"",""title_sha256:8df45550b5a03457""]"
WORK-3849E7C749FEF405,REC-74F02CC1F5FFC6ED,REC-74F02CC1F5FFC6ED,True,unique,1.0,,[],latest non-withdrawn preprint,"[""arxiv:1402.6005"",""title_sha256:cd9c166d6426aeae""]"
WORK-57D4B07D624064E0,REC-F7672CF25143AE27,REC-F7672CF25143AE27,True,unique,1.0,,[],latest non-withdrawn preprint,"[""arxiv:1404.3877"",""title_sha256:aaa2d7003cbef659""]"
WORK-9F7D0F2D78673D79,REC-268040C167BF9193,REC-268040C167BF9193,True,unique,1.0,,[],peer-reviewed manifestation; latest version breaks ties,"[""doi:10.1049/el.2013.1352"",""arxiv:1405.0413"",""title_sha256:23aa46f57208f06b""]"
WORK-4B8CC808C6CC35BD,REC-3C23A5B385B56748,REC-3C23A5B385B56748,True,unique,1.0,,[],peer-reviewed manifestation; latest version breaks ties,"[""arxiv:1405.6166"",""title_sha256:2ae2ede4f062e032""]"
WORK-47F5AF2465AD25BB,REC-789E8FCA8135E770,REC-789E8FCA8135E770,True,unique,1.0,,[],latest non-withdrawn preprint,"[""arxiv:1406.1918"",""title_sha256:c53b4469cb5c0090""]"
WORK-6847448131A463AA,REC-C494916B77FB32D3,REC-C494916B77FB32D3,True,unique,1.0,,[],peer-reviewed manifestation; latest version breaks ties,"[""doi:10.1117/12.2054950"",""arxiv:1406.2288"",""title_sha256:02735713bccd7bad""]"
WORK-F9A4BEBEFED188E3,REC-B995D93FB5904453,REC-B995D93FB5904453,True,unique,1.0,,[],latest non-withdrawn preprint,"[""arxiv:1407.0506"",""title_sha256:7a1663a9929f8f68""]"
WORK-D62F8876E46F4353,REC-0FD00811878FA3A4,REC-0FD00811878FA3A4,True,unique,1.0,,[],latest non-withdrawn preprint,"[""arxiv:1408.5401"",""title_sha256:d2a35aa7d15a28b5""]"
WORK-89693455549AB256,REC-EB5B8D6B828622FE,REC-EB5B8D6B828622FE,True,unique,1.0,,[],latest non-withdrawn preprint,"[""arxiv:1411.0863"",""title_sha256:5684355192b3ec60""]"
WORK-D55096E28E99EC3D,REC-CF808A2F7D6515B3,REC-CF808A2F7D6515B3,True,unique,1.0,,[],peer-reviewed manifestation; latest version breaks ties,"[""doi:10.1109/tcsi.2013.2295022"",""arxiv:1501.02995"",""title_sha256:f21201fd29448a76""]"
WORK-3547521F1681096D,REC-3DCB691A456F4283,REC-3DCB691A456F4283,True,unique,1.0,,[],peer-reviewed manifestation; latest version breaks ties,"[""doi:10.1109/lsp.2015.2389899"",""arxiv:1502.00555"",""title_sha256:167bbbbb2a094348""]"
WORK-644D0D827AFACE07,REC-1CDB61F0CD5CAEB4,REC-1CDB61F0CD5CAEB4,True,unique,1.0,,[],peer-reviewed manifestation; latest version breaks ties,"[""doi:10.1109/tcsvt.2011.2181232"",""arxiv:1502.04221"",""title_sha256:1d3a2026844d9d4e""]"
WORK-5CEE079FDD5A3B70,REC-D30DB4EA311A5217,REC-D30DB4EA311A5217,True,unique,1.0,,[],latest non-withdrawn preprint,"[""arxiv:1502.07055"",""title_sha256:ef2d2d5ecc51bfbe""]"
WORK-1CD43D6EBFE7E2F2,REC-F4379DB7478366EF,REC-F4379DB7478366EF,True,unique,1.0,,[],latest non-withdrawn preprint,"[""arxiv:1504.05372"",""title_sha256:d2a43eeb9d94bf9d""]"
WORK-E11CCBCA0B95FDBC,REC-24BB9609714294BE,REC-24BB9609714294BE,True,unique,1.0,,[],latest non-withdrawn preprint,"[""arxiv:1504.06779"",""title_sha256:f5e716277f05dbbd""]"
WORK-5364CB92405D533B,REC-F73FEC8CDF1AD512,REC-F73FEC8CDF1AD512,True,unique,1.0,,[],latest non-withdrawn preprint,"[""arxiv:1505.01120"",""title_sha256:f375d12411785eea""]"
WORK-A2765C794787B27C,REC-7D9A3E658DD7EEE6,REC-7D9A3E658DD7EEE6,True,unique,1.0,,[],latest non-withdrawn preprint,"[""arxiv:1508.06811"",""title_sha256:ea341e2988f61d7b""]"
WORK-41C446CC1756DE0B,REC-6D2573B50D47CD83,REC-6D2573B50D47CD83,True,unique,1.0,,[],latest non-withdrawn preprint,"[""arxiv:1509.04268"",""title_sha256:b0de5325793c0c2d""]"
WORK-F3C7C8C0328E3066,REC-97877AF2A5AE0C14,REC-97877AF2A5AE0C14,True,unique,1.0,,[],latest non-withdrawn preprint,"[""arxiv:1511.05552"",""title_sha256:4b4a09ace231affd""]"
WORK-E284C7E0D2F51197,REC-88F29B4B825641C8,REC-88F29B4B825641C8,True,unique,1.0,,[],latest non-withdrawn preprint,"[""arxiv:1602.02517"",""title_sha256:13da6e4967e377d4""]"
WORK-39F2EC446141DDC2,REC-9A045A7D0B1DE0CE,REC-9A045A7D0B1DE0CE,True,unique,1.0,,[],latest non-withdrawn preprint,"[""arxiv:1602.07620"",""title_sha256:fcf2878a63316f94""]"
WORK-91485AB36E2CC985,REC-65A934FBB91EDDC4,REC-65A934FBB91EDDC4,True,unique,1.0,,[],peer-reviewed manifestation; latest version breaks ties,"[""doi:10.1109/fpt.2015.7393157"",""arxiv:1603.05154"",""title_sha256:4ea9aa0c739bd079""]"
WORK-85D86140967BBC98,REC-FA096E95A0E3F88E,REC-FA096E95A0E3F88E,True,unique,1.0,,[],peer-reviewed manifestation; latest version breaks ties,"[""doi:10.1007/s11045-014-0291-6"",""arxiv:1606.05562"",""title_sha256:65e50f9704bed48e""]"
WORK-EC3A1DDA4B8AD17B,REC-CCE2E4EFAFB5F4F8,REC-CCE2E4EFAFB5F4F8,True,unique,1.0,,[],latest non-withdrawn preprint,"[""arxiv:1606.06451"",""title_sha256:4897c9781d5059dd""]"
WORK-0D9869A0E3DDBEEE,REC-DCFC6B023D9EF9F8,REC-DCFC6B023D9EF9F8,True,unique,1.0,,[],peer-reviewed manifestation; latest version breaks ties,"[""doi:10.1007/s11760-016-0923-4"",""arxiv:1606.07414"",""title_sha256:0439f475ee5bf8a6""]"
WORK-F65CA2011450E578,REC-24048AD2630EDCFD,REC-24048AD2630EDCFD,True,unique,1.0,,[],peer-reviewed manifestation; latest version breaks ties,"[""doi:10.1016/j.sysarc.2017.01.005"",""arxiv:1607.04549"",""title_sha256:fd75d7cdac83c4df""]"
WORK-03251B78F491CCFF,REC-366778764662CFF9,REC-366778764662CFF9,True,unique,1.0,,[],latest non-withdrawn preprint,"[""arxiv:1607.04663"",""title_sha256:d7042b0e24e5502c""]"
WORK-B7D7F41F7493E435,REC-975D4F11BDBF4844,REC-975D4F11BDBF4844,True,unique,1.0,,[],peer-reviewed manifestation; latest version breaks ties,"[""doi:10.1109/tcsvt.2016.2515378"",""arxiv:1609.07630"",""title_sha256:08e8c86889b075e4""]"
WORK-800C388CA26F9C9D,REC-1CE9180A227DA1D1,REC-1CE9180A227DA1D1,True,unique,1.0,,[],latest non-withdrawn preprint,"[""arxiv:1609.07750"",""title_sha256:1b9faae09cc6bdd2""]"
WORK-62CB49C624CDF206,REC-91117B7563F9179D,REC-91117B7563F9179D,True,unique,1.0,,[],latest non-withdrawn preprint,"[""arxiv:1609.08192"",""title_sha256:bb32cbb0e0e79c4b""]"
WORK-DA4C6FC4C827F66E,REC-3DC05E88182B3C4E,REC-3DC05E88182B3C4E,True,unique,1.0,,[],latest non-withdrawn preprint,"[""arxiv:1610.00552"",""title_sha256:07c7a16d330bb4dd""]"
WORK-E258A97C5BBB6BAA,REC-88300383F39A1E30,REC-88300383F39A1E30,True,unique,1.0,,[],peer-reviewed manifestation; latest version breaks ties,"[""doi:10.1007/s00034-015-0233-z"",""arxiv:1612.00807"",""title_sha256:335beb18bf4cf1bf""]"
WORK-D753040CEE84934B,REC-B4570AD5B3B50DDC,REC-B4570AD5B3B50DDC,True,unique,1.0,,[],peer-reviewed manifestation; latest version breaks ties,"[""doi:10.1109/tpds.2018.2803820"",""arxiv:1612.04470"",""title_sha256:bf39bdbd3dd89934""]"
WORK-12F868132D84C877,REC-F88C6066A8140556,REC-F88C6066A8140556,True,unique,1.0,,[],latest non-withdrawn preprint,"[""arxiv:1701.03534"",""title_sha256:0736f7a6bdc11e2a""]"
WORK-D02DA0E7FF39EC9C,REC-7E30A752F924F93D,REC-7E30A752F924F93D,True,unique,1.0,,[],peer-reviewed manifestation; latest version breaks ties,"[""doi:10.1088/0957-0233/23/11/114010"",""arxiv:1702.01805"",""title_sha256:029e453585e1cbc6""]"
WORK-769AF53322C4EFB1,REC-22B8F133078A7448,REC-22B8F133078A7448,True,unique,1.0,,[],latest non-withdrawn preprint,"[""arxiv:1705.04543"",""title_sha256:e2e8431ad766aaa4""]"
WORK-8DD6558656ACBA05,REC-3D12045BD8FEDC90,REC-3D12045BD8FEDC90,True,unique,1.0,,[],peer-reviewed manifestation; latest version breaks ties,"[""doi:10.1049/iet-smt.2017.0214"",""arxiv:1705.09893"",""title_sha256:29f11a2abfcbccb7""]"
WORK-F9C3FAB92E404FF2,REC-805602F7D1C60B60,REC-805602F7D1C60B60,True,unique,1.0,,[],peer-reviewed manifestation; latest version breaks ties,"[""doi:10.1186/s40623-017-0681-8"",""arxiv:1706.08863"",""title_sha256:3ca9f28a6d4a3273""]"
WORK-3CDFC4FB79A17CE0,REC-49F3AB6C20566E0A,REC-49F3AB6C20566E0A,True,unique,1.0,,[],latest non-withdrawn preprint,"[""arxiv:1708.06301"",""title_sha256:1fb9504deed08d01""]"
WORK-E1E002D440E358CD,REC-C174DDF6D468F0A5,REC-C174DDF6D468F0A5,True,unique,1.0,,[],peer-reviewed manifestation; latest version breaks ties,"[""doi:10.1145/3123939.3124552"",""arxiv:1708.08917"",""title_sha256:c6c85c30fe114b53""]"
WORK-E487237F3935193E,REC-6B8F0EBD4ABBF3A2,REC-6B8F0EBD4ABBF3A2,True,unique,1.0,,[],peer-reviewed manifestation; latest version breaks ties,"[""doi:10.1017/pasa.2017.39"",""arxiv:1708.09619"",""title_sha256:2687e10e8db7e3a6""]"
WORK-5375E0878CA96251,REC-0328D92B8D7AB525,REC-0328D92B8D7AB525,True,unique,1.0,,[],peer-reviewed manifestation; latest version breaks ties,"[""doi:10.1051/epjconf/201715000014"",""arxiv:1709.00612"",""title_sha256:e40b47bad511f907""]"
WORK-371252DF9447C812,REC-380484F40BC5E6D9,REC-380484F40BC5E6D9,True,unique,1.0,,[],peer-reviewed manifestation; latest version breaks ties,"[""doi:10.1109/tcsvt.2013.2270397"",""arxiv:1710.09975"",""title_sha256:da45216dfd9f95ae""]"
WORK-F9B522EB29EE29BE,REC-71655A79D4851161,REC-71655A79D4851161,True,unique,1.0,,[],latest non-withdrawn preprint,"[""arxiv:1710.10296"",""title_sha256:92c1c9e457ddffaf""]"
WORK-3B88C583AF93E270,REC-BB06084936167C6D,REC-BB06084936167C6D,True,unique,1.0,,[],peer-reviewed manifestation; latest version breaks ties,"[""doi:10.1109/tc.2014.2366732"",""arxiv:1710.11200"",""title_sha256:f6c2e2046cfac34e""]"
WORK-9BB87D81581CB10A,REC-3570BA8F2CBFC43F,REC-3570BA8F2CBFC43F,True,unique,1.0,,[],latest non-withdrawn preprint,"[""arxiv:1711.04471"",""title_sha256:9fa13ff44c825308""]"
WORK-C4538805C17BB756,REC-794B4806F5632532,REC-794B4806F5632532,True,unique,1.0,,[],peer-reviewed manifestation; latest version breaks ties,"[""doi:10.1145/3174243.3174270"",""arxiv:1711.06613"",""title_sha256:417699026939ee16""]"
WORK-E7D5B9C603AB1C6E,REC-193C307FD04D33A3,REC-193C307FD04D33A3,True,unique,1.0,,[],latest non-withdrawn preprint,"[""arxiv:1711.08740"",""title_sha256:ffec41008982debe""]"
WORK-8FBAE8318B23CB6D,REC-ACAB157CC9F0D857,REC-ACAB157CC9F0D857,True,unique,1.0,,[],latest non-withdrawn preprint,"[""arxiv:1712.03411"",""title_sha256:365a4e4959bd65d4""]"
WORK-674CDDB57508D5CE,REC-0E5CD4ABE22322D8,REC-0E5CD4ABE22322D8,True,unique,1.0,,[],peer-reviewed manifestation; latest version breaks ties,"[""doi:10.1109/les.2017.2743247"",""arxiv:1712.04322"",""title_sha256:50bb1e7f430ce7ae""]"
WORK-6224C75A0641DA91,REC-14F5886A00FF13FD,REC-14F5886A00FF13FD,True,unique,1.0,,[],peer-reviewed manifestation; latest version breaks ties,"[""doi:10.1109/reconfig.2017.8279799"",""arxiv:1801.06541"",""title_sha256:ed65e72891b2eed2""]"
WORK-8BB80F97035C469D,REC-478BAE4ECE99CA8F,REC-478BAE4ECE99CA8F,True,unique,1.0,,[],latest non-withdrawn preprint,"[""arxiv:1803.00419"",""title_sha256:08e312b0fc0afe86""]"
WORK-5D851E6C82923FAD,REC-2A1F549319EB2EEB,REC-2A1F549319EB2EEB,True,unique,1.0,,[],latest non-withdrawn preprint,"[""arxiv:1803.00521"",""title_sha256:bdd980aecbab9eb4""]"
WORK-08C70DB9C38C8FD7,REC-1C2BC4282AF1A5AD,REC-1C2BC4282AF1A5AD,True,unique,1.0,,[],peer-reviewed manifestation; latest version breaks ties,"[""arxiv:1803.05468"",""title_sha256:81e2cba3f884ef41""]"
WORK-F21D14E4841D374F,REC-DF772EB64BB5C76B,REC-DF772EB64BB5C76B,True,unique,1.0,,[],latest non-withdrawn preprint,"[""arxiv:1803.06305"",""title_sha256:5927efc36e0ce211""]"
WORK-EC7BEE73D212E888,REC-38831414C8CA227A,REC-38831414C8CA227A,True,unique,1.0,,[],latest non-withdrawn preprint,"[""arxiv:1803.09004"",""title_sha256:bc26d97bb75dbd12""]"
WORK-EFDC36E8E07E67A9,REC-95E67C186BC2B316,REC-95E67C186BC2B316,True,unique,1.0,,[],latest non-withdrawn preprint,"[""arxiv:1805.02094"",""title_sha256:4e373a26e6025735""]"
WORK-F9CDE7DDB4928808,REC-35A5F4E0194903D4,REC-35A5F4E0194903D4,True,unique,1.0,,[],latest non-withdrawn preprint,"[""arxiv:1806.04570"",""title_sha256:b5c2912bb70b6b4c""]"
WORK-0201D83E77165AFC,REC-F6A6EB8FD7251DAD,REC-F6A6EB8FD7251DAD,True,unique,1.0,,[],peer-reviewed manifestation; latest version breaks ties,"[""doi:10.1109/smelec.2012.6417188"",""arxiv:1806.04573"",""title_sha256:5addf7f6533391ca""]"
WORK-6756FCE43DDDDD4E,REC-49F671D93D450AD9,REC-49F671D93D450AD9,True,unique,1.0,,[],peer-reviewed manifestation; latest version breaks ties,"[""doi:10.3844/ajeassp.2010.757.764"",""arxiv:1808.02521"",""title_sha256:4b66cc6659fe4000""]"
WORK-738531F1F70DB91B,REC-FEAE1D67589AD270,REC-FEAE1D67589AD270,True,unique,1.0,,[],peer-reviewed manifestation; latest version breaks ties,"[""arxiv:1808.02940"",""title_sha256:79027197c06fbf91""]"
WORK-2F75271994F66A4D,REC-AAFC038BCBE50BB1,REC-AAFC038BCBE50BB1,True,unique,1.0,,[],peer-reviewed manifestation; latest version breaks ties,"[""doi:10.1007/s11045-018-0601-5"",""arxiv:1808.02950"",""title_sha256:33608ebe2c694dfe""]"
WORK-D5404F8A3F0997BC,REC-D88E8214DB7BBA3E,REC-D88E8214DB7BBA3E,True,unique,1.0,,[],peer-reviewed manifestation; latest version breaks ties,"[""doi:10.1016/j.nima.2019.05.018"",""arxiv:1809.01467"",""title_sha256:1323ffda26e3ad7a""]"
WORK-E9663AF082809625,REC-ED59B1D5F5C32113,REC-ED59B1D5F5C32113,True,unique,1.0,,[],latest non-withdrawn preprint,"[""arxiv:1809.07592"",""title_sha256:18ef29a441fb2257""]"
WORK-C124167E5ADD090E,REC-D65706651462F659,REC-D65706651462F659,True,unique,1.0,,[],peer-reviewed manifestation; latest version breaks ties,"[""doi:10.1145/3195970.3195999"",""arxiv:1809.07683"",""title_sha256:f0161a78f6493199""]"
WORK-CE3FAC9B774DAD2C,REC-34D6BAEDB792D06C,REC-34D6BAEDB792D06C,True,unique,1.0,,[],latest non-withdrawn preprint,"[""arxiv:1809.11156"",""title_sha256:413af16974bd9038""]"
WORK-785C4B5852654ECE,REC-BDF6D5B4373DE47A,REC-BDF6D5B4373DE47A,True,unique,1.0,,[],peer-reviewed manifestation; latest version breaks ties,"[""arxiv:1810.06885"",""title_sha256:0e11cc5e92ec99de""]"
WORK-7FE07F4E47A7A7B4,REC-36F0A271EFF0199A,REC-36F0A271EFF0199A,True,unique,1.0,,[],latest non-withdrawn preprint,"[""arxiv:1811.10126"",""title_sha256:c4e1d9df1f583093""]"
WORK-D411F849602DDB4C,REC-6FF78E8941C82A36,REC-6FF78E8941C82A36,True,unique,1.0,,[],latest non-withdrawn preprint,"[""arxiv:1901.00416"",""title_sha256:dd7070324747f3f5""]"
WORK-F7BB1C315C9513CA,REC-89287D342E6CE922,REC-89287D342E6CE922,True,unique,1.0,,[],latest non-withdrawn preprint,"[""arxiv:1902.07463"",""title_sha256:4bffb422dbaf18f4""]"
WORK-1188F93214A494F8,REC-A47AFFCD278380DB,REC-A47AFFCD278380DB,True,unique,1.0,,[],latest non-withdrawn preprint,"[""arxiv:1902.10345"",""title_sha256:0a4cdade595338f0""]"
WORK-D59919A50C3DD5A9,REC-D0099014D837A521,REC-D0099014D837A521,True,unique,1.0,,[],latest non-withdrawn preprint,"[""arxiv:1903.03509"",""title_sha256:94e973a83add5fcd""]"
WORK-3ECE0F2C6A3F5BF4,REC-D97053B95AB833E6,REC-D97053B95AB833E6,True,unique,1.0,,[],latest non-withdrawn preprint,"[""arxiv:1903.09918"",""title_sha256:1c3211ee34cf4589""]"
WORK-7B6195262F8A7AED,REC-F8D486FD316535AD,REC-F8D486FD316535AD,True,unique,1.0,,[],peer-reviewed manifestation; latest version breaks ties,"[""doi:10.1007/3-540-46117-5_111"",""arxiv:1904.12609"",""title_sha256:82c33a19461b2468""]"
WORK-57186C588B1F789D,REC-3D1B48A36A1C29EF,REC-3D1B48A36A1C29EF,True,unique,1.0,,[],peer-reviewed manifestation; latest version breaks ties,"[""doi:10.1109/ijcnn48605.2020.9206968"",""arxiv:1905.10830"",""title_sha256:e7f43aff0ccff668""]"
WORK-084846F91CFBBCB6,REC-77F2744384901A06,REC-77F2744384901A06,True,unique,1.0,,[],peer-reviewed manifestation; latest version breaks ties,"[""doi:10.1109/dsd.2016.24"",""arxiv:1907.07764"",""title_sha256:61004a1280aa127a""]"
WORK-BC85ABC7C414B1AD,REC-714959A473E278C1,REC-714959A473E278C1,True,unique,1.0,,[],peer-reviewed manifestation; latest version breaks ties,"[""doi:10.1109/sc41405.2020.00063"",""arxiv:1907.07929"",""title_sha256:edde1bf003a9a2ee""]"
WORK-AFCBBEE221055F7F,REC-AA3630B18BB5F5C6,REC-AA3630B18BB5F5C6,True,unique,1.0,,[],latest non-withdrawn preprint,"[""arxiv:1911.04378"",""title_sha256:e3dc4fb60d69518d""]"
WORK-1AD08F6ABA5AA02A,REC-E1A7182426E47166,REC-E1A7182426E47166,True,unique,1.0,,[],peer-reviewed manifestation; latest version breaks ties,"[""doi:10.1109/iccad45719.2019.8942122"",""arxiv:2002.04971"",""title_sha256:c2bb6984c83bb233""]"
WORK-F231018418A0D14D,REC-B899DAA9C0C71D45,REC-B899DAA9C0C71D45,True,unique,1.0,,[],latest non-withdrawn preprint,"[""arxiv:2002.05645"",""title_sha256:41336821c81ff05a""]"
WORK-8D3BF536FE4FF52F,REC-798CD52628A50AD6,REC-798CD52628A50AD6,True,unique,1.0,,[],latest non-withdrawn preprint,"[""arxiv:2003.06700"",""title_sha256:098bad52d2028761""]"
WORK-E84F7DA2868C3591,REC-8CEEE39C1C03B3AE,REC-8CEEE39C1C03B3AE,True,unique,1.0,,[],peer-reviewed manifestation; latest version breaks ties,"[""doi:10.1109/sc41405.2020.00084"",""arxiv:2004.10811"",""title_sha256:4159d75f94e02473""]"
WORK-5FEF07863B102C3E,REC-FA1D60BEAE9A18AD,REC-FA1D60BEAE9A18AD,True,unique,1.0,,[],latest non-withdrawn preprint,"[""arxiv:2005.04098"",""title_sha256:04e6b9bc4c5bb482""]"
WORK-DA45F3882A02CA02,REC-1BD39A11DBF6BC60,REC-1BD39A11DBF6BC60,True,unique,1.0,,[],latest non-withdrawn preprint,"[""arxiv:2006.08435"",""title_sha256:f38b79c59de1cd07""]"
WORK-33FCAA9884545EDC,REC-2591DFCD2FE56740,REC-2591DFCD2FE56740,True,unique,1.0,,[],latest non-withdrawn preprint,"[""arxiv:2007.08563"",""title_sha256:74642f5b500d14c5""]"
WORK-384B46A17791B640,REC-BAA08971107EB217,REC-BAA08971107EB217,True,unique,1.0,,[],peer-reviewed manifestation; latest version breaks ties,"[""doi:10.1109/access.2021.3096664"",""arxiv:2007.11434"",""title_sha256:4ca58fffc9027361""]"
WORK-7866FC6789A8D4E4,REC-45D346345BCBEE33,REC-45D346345BCBEE33,True,unique,1.0,,[],latest non-withdrawn preprint,"[""arxiv:2009.08605"",""title_sha256:eb9f1a4aa94c146a""]"
WORK-32FAC64A074CCB39,REC-E7364B5C13D3ACB6,REC-E7364B5C13D3ACB6,True,unique,1.0,,[],latest non-withdrawn preprint,"[""arxiv:2009.09736"",""title_sha256:23a0263379f3a7d1""]"
WORK-2B91BB71BA035749,REC-B8C88E3CD57FA457,REC-B8C88E3CD57FA457,True,unique,1.0,,[],peer-reviewed manifestation; latest version breaks ties,"[""doi:10.1109/tie.2018.2818644"",""arxiv:2010.07746"",""title_sha256:57ec99f38a40a4f4""]"
WORK-410A227A9629A06A,REC-B050DA93F1DA379D,REC-B050DA93F1DA379D,True,unique,1.0,,[],peer-reviewed manifestation; latest version breaks ties,"[""doi:10.1109/tgrs.2020.2967821"",""arxiv:2011.05670"",""title_sha256:411ed87d1b52a556""]"
WORK-0652D93DC13B8861,REC-2342F9BF3B1AB602,REC-2342F9BF3B1AB602,True,unique,1.0,,[],latest non-withdrawn preprint,"[""arxiv:2012.00581"",""title_sha256:63fb7cb2997bffe7""]"
WORK-61641A6E7ED9499E,REC-D0D2254368D3B08B,REC-D0D2254368D3B08B,True,unique,1.0,,[],peer-reviewed manifestation; latest version breaks ties,"[""doi:10.1016/j.micpro.2019.102919"",""arxiv:2012.09666"",""title_sha256:e7bdb19d19654d91""]"
WORK-E9C7F43DE8B4CDAA,REC-3DBEC0B586ABB7C0,REC-3DBEC0B586ABB7C0,True,unique,1.0,,[],latest non-withdrawn preprint,"[""arxiv:2101.05314"",""title_sha256:18fe229fd977f1a6""]"
WORK-1ED064754B5996EA,REC-3BF9C4C1B606866E,REC-3BF9C4C1B606866E,True,unique,1.0,,[],peer-reviewed manifestation; latest version breaks ties,"[""doi:10.1109/tim.2020.3026843"",""arxiv:2101.09927"",""title_sha256:2c2cb73f21d58683""]"
WORK-297FF14654635BE2,REC-969D3C59E6AFE5EC,REC-969D3C59E6AFE5EC,True,unique,1.0,,[],peer-reviewed manifestation; latest version breaks ties,"[""arxiv:2103.02800"",""title_sha256:9edd409f82d13af5""]"
WORK-B7705AD5A4D9B669,REC-3BFEDC35FEE6688E,REC-3BFEDC35FEE6688E,True,unique,1.0,,[],peer-reviewed manifestation; latest version breaks ties,"[""doi:10.1093/pasj/psab030"",""arxiv:2104.00252"",""title_sha256:61fbf44cabee1fe2""]"
WORK-03D94E125DD80AF1,REC-20E17694FEA9B59B,REC-20E17694FEA9B59B,True,unique,1.0,,[],peer-reviewed manifestation; latest version breaks ties,"[""doi:10.1145/3431920.3439477"",""arxiv:2104.06535"",""title_sha256:f239ee87e64abccb""]"
WORK-16BE8A0343541715,REC-D5344767957D09B6,REC-D5344767957D09B6,True,unique,1.0,,[],latest non-withdrawn preprint,"[""arxiv:2104.12339"",""title_sha256:93426d43eeebba41""]"
WORK-FB44D106948E3D6B,REC-E43A2DC89D039B8D,REC-E43A2DC89D039B8D,True,unique,1.0,,[],latest non-withdrawn preprint,"[""arxiv:2105.05530"",""title_sha256:fc25465d182d52c6""]"
WORK-AF7C5C23FFFE5842,REC-348FA63EF433FC7D,REC-348FA63EF433FC7D,True,unique,1.0,,[],latest non-withdrawn preprint,"[""arxiv:2107.01013"",""title_sha256:f454472b7c8bd1ba""]"
WORK-729AA827D7510606,REC-147FD411962C71A6,REC-147FD411962C71A6,True,unique,1.0,,[],latest non-withdrawn preprint,"[""arxiv:2108.00874"",""title_sha256:517ce58a42d78832""]"
WORK-359FF56D3A0F0977,REC-7C4BA136157B6978,REC-7C4BA136157B6978,True,unique,1.0,,[],peer-reviewed manifestation; latest version breaks ties,"[""doi:10.1145/3445814.3446755"",""arxiv:2109.02484"",""title_sha256:463d44e9de9418e2""]"
WORK-62816B0246A8B41D,REC-5EBD295089780BF4,REC-5EBD295089780BF4,True,unique,1.0,,[],latest non-withdrawn preprint,"[""arxiv:2109.14349"",""title_sha256:e1e1a84d7cea468e""]"
WORK-0C3EACD3CB42E3DF,REC-BE790A13874474BF,REC-BE790A13874474BF,True,unique,1.0,,[],latest non-withdrawn preprint,"[""arxiv:2109.14704"",""title_sha256:dbb18b8c9169fc43""]"
WORK-A4ECD505E115114C,REC-76DCF46E7848DAB7,REC-76DCF46E7848DAB7,True,unique,1.0,,[],latest non-withdrawn preprint,"[""arxiv:2110.06155"",""title_sha256:680e3bb6e20751ae""]"
WORK-70D4B2A462A12E63,REC-F75ACEF70BC3579F,REC-F75ACEF70BC3579F,True,unique,1.0,,[],latest non-withdrawn preprint,"[""arxiv:2110.10030"",""title_sha256:92ed17c40d515016""]"
WORK-58477C2CF381B6C9,REC-B7FF364706B031F7,REC-B7FF364706B031F7,True,unique,1.0,,[],peer-reviewed manifestation; latest version breaks ties,"[""doi:10.3390/app11156790"",""arxiv:2110.11290"",""title_sha256:4f7fbae33b10159b""]"
WORK-0A1FBBD9BCC0AF75,REC-641104861DB63DFC,REC-641104861DB63DFC,True,unique,1.0,,[],peer-reviewed manifestation; latest version breaks ties,"[""doi:10.1088/1748-0221/16/11/t11008"",""arxiv:2111.03902"",""title_sha256:bd676aaf3469f455""]"
WORK-CE660B2FAD9A6CCC,REC-4A6FA7206BAA75B4,REC-4A6FA7206BAA75B4,True,unique,1.0,,[],latest non-withdrawn preprint,"[""arxiv:2111.08297"",""title_sha256:094ec181a86bfaaf""]"
WORK-6262379DCE0876E7,REC-4677DAA8E1C4E7A9,REC-4677DAA8E1C4E7A9,True,unique,1.0,,[],peer-reviewed manifestation; latest version breaks ties,"[""doi:10.1109/icfpt52863.2021.9609930"",""arxiv:2112.07789"",""title_sha256:7bd9de2823b1c623""]"
WORK-684B9A5F5ABE81CB,REC-2D18C1AB2332BD28,REC-2D18C1AB2332BD28,True,unique,1.0,,[],peer-reviewed manifestation; latest version breaks ties,"[""doi:10.1109/tip.2015.2501725"",""arxiv:2112.13149"",""title_sha256:dbef52dbfffe97b2""]"
WORK-38351CB53837E521,REC-82C674E8D7722312,REC-82C674E8D7722312,True,unique,1.0,,[],peer-reviewed manifestation; latest version breaks ties,"[""doi:10.1109/tip.2017.2678799"",""arxiv:2112.13150"",""title_sha256:28ffbe334300a9b3""]"
WORK-9FE508DDDF3A9299,REC-C2D16149A62BB51E,REC-C2D16149A62BB51E,True,unique,1.0,,[],latest non-withdrawn preprint,"[""arxiv:2112.13890"",""title_sha256:959195e5cab9bec9""]"
WORK-3CCB7F61909FFF3D,REC-EB4A8C6C964584F8,REC-EB4A8C6C964584F8,True,unique,1.0,,[],latest non-withdrawn preprint,"[""arxiv:2201.06618"",""title_sha256:f881a835571a60a0""]"
WORK-6262CB4B01D3C8B6,REC-F3DEAE2A615F1BEE,REC-F3DEAE2A615F1BEE,True,unique,1.0,,[],latest non-withdrawn preprint,"[""arxiv:2201.10114"",""title_sha256:040d1ce0c8d71b83""]"
WORK-EC1F3835D1737B4E,REC-3197E8A9160CF79B,REC-3197E8A9160CF79B,True,unique,1.0,,[],latest non-withdrawn preprint,"[""arxiv:2201.11522"",""title_sha256:ed7132d0ba907b08""]"
WORK-FA9B0E171F7B8C5D,REC-5BA6F31CB89D22EF,REC-5BA6F31CB89D22EF,True,unique,1.0,,[],peer-reviewed manifestation; latest version breaks ties,"[""doi:10.1016/j.nima.2022.167546"",""arxiv:2202.04976"",""title_sha256:aad57e9b342996f0""]"
WORK-C85316E68F58B914,REC-09A364F2082BC906,REC-09A364F2082BC906,True,unique,1.0,,[],latest non-withdrawn preprint,"[""arxiv:2203.01414"",""title_sha256:a6526be737a1751f""]"
WORK-4CFCA204F544F053,REC-1FB2D9363D418D3A,REC-1FB2D9363D418D3A,True,unique,1.0,,[],latest non-withdrawn preprint,"[""arxiv:2203.11295"",""title_sha256:8da0acd5ffea8547""]"
WORK-5DB67EE59E0BFF00,REC-AED6C450CC7834B2,REC-AED6C450CC7834B2,True,unique,1.0,,[],peer-reviewed manifestation; latest version breaks ties,"[""doi:10.1109/iccworkshops53468.2022.9914635"",""arxiv:2205.03886"",""title_sha256:faa83f1ff918f699""]"
WORK-AB4E2D6C3B96F1D7,REC-BF8086DAD8681402,REC-BF8086DAD8681402,True,unique,1.0,,[],latest non-withdrawn preprint,"[""arxiv:2205.15062"",""title_sha256:2d0e62cba7137ee5""]"
WORK-C44CCA8524BA3056,REC-447285B4B840EE11,REC-447285B4B840EE11,True,unique,1.0,,[],peer-reviewed manifestation; latest version breaks ties,"[""doi:10.1142/s0129626412500090"",""arxiv:2206.01146"",""title_sha256:9ed294b2471f0544""]"
WORK-71014ED658D44433,REC-61C90658EFFD39BF,REC-61C90658EFFD39BF,True,unique,1.0,,[],latest non-withdrawn preprint,"[""arxiv:2206.10461"",""title_sha256:a5773503b47a0f2c""]"
WORK-A0772686D61E888B,REC-DA2EC52C4B78AD71,REC-DA2EC52C4B78AD71,True,unique,1.0,,[],latest non-withdrawn preprint,"[""arxiv:2207.03782"",""title_sha256:fcf07bebd6190161""]"
WORK-FEDC0DCFD1695A00,REC-B2475D779EEF408D,REC-B2475D779EEF408D,True,unique,1.0,,[],peer-reviewed manifestation; latest version breaks ties,"[""doi:10.1109/tap.2019.2938704"",""arxiv:2207.09054"",""title_sha256:83ed34ef83262642""]"
WORK-798576DA3360CBE1,REC-27EC4FCAD057D2AF,REC-27EC4FCAD057D2AF,True,unique,1.0,,[],latest non-withdrawn preprint,"[""arxiv:2207.10723"",""title_sha256:6af7a8edffbcc6d6""]"
WORK-3BC6C06DF0CC5926,REC-4894CC10C8AB67A3,REC-4894CC10C8AB67A3,True,unique,1.0,,[],peer-reviewed manifestation; latest version breaks ties,"[""doi:10.3390/jlpea8040046"",""arxiv:2207.14463"",""title_sha256:9b9373f70ee27a3d""]"
WORK-38BF32F01373E3F9,REC-09886EF1B7D2452B,REC-09886EF1B7D2452B,True,unique,1.0,,[],peer-reviewed manifestation; latest version breaks ties,"[""doi:10.1145/3489517.3530585"",""arxiv:2208.03646"",""title_sha256:e0cb4632b5c7fc93""]"
WORK-08FAB232B669E96A,REC-D9F3C753FC29AAD4,REC-D9F3C753FC29AAD4,True,unique,1.0,,[],latest non-withdrawn preprint,"[""arxiv:2208.05163"",""title_sha256:65e6c9ecca136e11""]"
WORK-C8C7DD2493E18982,REC-07348ADFD0A3279E,REC-07348ADFD0A3279E,True,unique,1.0,,[],peer-reviewed manifestation; latest version breaks ties,"[""doi:10.1109/tvlsi.2022.3197282"",""arxiv:2208.06118"",""title_sha256:a217ce7aab8ba1aa""]"
WORK-D9E6AAAC2CFDFAC7,REC-A1560326B01F3E64,REC-A1560326B01F3E64,True,unique,1.0,,[],latest non-withdrawn preprint,"[""arxiv:2208.10332"",""title_sha256:74c58e24b48d7bf4""]"
WORK-79AEA3C39C57A7C1,REC-79C05654ACFFF3E5,REC-79C05654ACFFF3E5,True,unique,1.0,,[],latest non-withdrawn preprint,"[""arxiv:2209.02314"",""title_sha256:22782a3ea3ddbbc7""]"
WORK-554D321D3BDABBA2,REC-EEEA57D7E193DA78,REC-EEEA57D7E193DA78,True,unique,1.0,,[],latest non-withdrawn preprint,"[""arxiv:2209.03353"",""title_sha256:50706590642b69d4""]"
WORK-4930858FF8B14F40,REC-F05D5A696ACC9648,REC-F05D5A696ACC9648,True,unique,1.0,,[],latest non-withdrawn preprint,"[""arxiv:2209.09570"",""title_sha256:7f3beef9de52d19b""]"
WORK-E2DE341FFF77BC47,REC-DACDD99CB85CF6D1,REC-DACDD99CB85CF6D1,True,unique,1.0,,[],latest non-withdrawn preprint,"[""arxiv:2209.10797"",""title_sha256:042928d356924ff3""]"
WORK-4C668A7F3E771A0E,REC-5A6C902321EA037F,REC-5A6C902321EA037F,True,unique,1.0,,[],peer-reviewed manifestation; latest version breaks ties,"[""doi:10.1109/access.2022.3219871"",""arxiv:2209.15436"",""title_sha256:f75d05083dd6ee47""]"
WORK-4D1A8D66B15A5ADE,REC-6FB8D6370DDA238B,REC-6FB8D6370DDA238B,True,unique,1.0,,[],latest non-withdrawn preprint,"[""arxiv:2210.09481"",""title_sha256:dda26fea73c53fd9""]"
WORK-925641344ED78E94,REC-A2503EFE5BB738CE,REC-A2503EFE5BB738CE,True,unique,1.0,,[],latest non-withdrawn preprint,"[""arxiv:2210.12703"",""title_sha256:da3f472cb65cd30b""]"
WORK-5B6F84F0C6192010,REC-4C2E95DDB8B7F21F,REC-4C2E95DDB8B7F21F,True,unique,1.0,,[],latest non-withdrawn preprint,"[""arxiv:2210.14793"",""title_sha256:8d0392c0308b67c0""]"
WORK-BF1B408F67B2A47C,REC-D2117C9C65232AA0,REC-D2117C9C65232AA0,True,unique,1.0,,[],peer-reviewed manifestation; latest version breaks ties,"[""arxiv:2211.03881"",""title_sha256:ea797724f8e92213""]"
WORK-B385DE9F75753FA4,REC-B797976E8C3DD74B,REC-B797976E8C3DD74B,True,unique,1.0,,[],latest non-withdrawn preprint,"[""arxiv:2211.06475"",""title_sha256:378d509f260e8470""]"
WORK-9F202AF24ADDE517,REC-461426DFCC1AA131,REC-461426DFCC1AA131,True,unique,1.0,,[],latest non-withdrawn preprint,"[""arxiv:2211.08110"",""title_sha256:8e92cd5c736d9925""]"
WORK-AF1BEB366A84BD62,REC-F5EC31B9648B775E,REC-F5EC31B9648B775E,True,unique,1.0,,[],latest non-withdrawn preprint,"[""arxiv:2211.14547"",""title_sha256:5548de800c2a3050""]"
WORK-016028D1606E48F4,REC-532363BE02AE8521,REC-532363BE02AE8521,True,unique,1.0,,[],peer-reviewed manifestation; latest version breaks ties,"[""doi:10.1109/fpl57034.2022.00013"",""arxiv:2301.01454"",""title_sha256:c69dd51dcc9ca607""]"
WORK-5C4897C26C108340,REC-FD5A471D9856BBC7,REC-FD5A471D9856BBC7,True,unique,1.0,,[],latest non-withdrawn preprint,"[""arxiv:2302.02959"",""title_sha256:dcdfd758b8c62a80""]"
WORK-3D6A9BFA249BF2A9,REC-786ADC1381CD7C7C,REC-786ADC1381CD7C7C,True,unique,1.0,,[],latest non-withdrawn preprint,"[""arxiv:2303.00299"",""title_sha256:1acca52e8542d08a""]"
WORK-221D4F0B94090672,REC-5FD6C290B90048C6,REC-5FD6C290B90048C6,True,unique,1.0,,[],peer-reviewed manifestation; latest version breaks ties,"[""doi:10.1038/s41598-023-34195-8"",""arxiv:2303.02799"",""title_sha256:d41ea190067f71ff""]"
WORK-BF21FF2DF8AB8862,REC-B1AB3CDD99DC6F68,REC-B1AB3CDD99DC6F68,True,unique,1.0,,[],latest non-withdrawn preprint,"[""arxiv:2303.12901"",""title_sha256:ed58114271d8a24a""]"
WORK-5ACEFF26E28898C8,REC-B1E7232B88648FB9,REC-B1E7232B88648FB9,True,unique,1.0,,[],peer-reviewed manifestation; latest version breaks ties,"[""arxiv:2303.13601"",""title_sha256:1b9ca36332e9ee78""]"
WORK-32CADE73B70D3B1D,REC-A3BF29C8BC422359,REC-A3BF29C8BC422359,True,unique,1.0,,[],latest non-withdrawn preprint,"[""arxiv:2304.02510"",""title_sha256:e6f75865b2f1edbd""]"
WORK-1CAEED2E683E919F,REC-B1B744172924155F,REC-B1B744172924155F,True,unique,1.0,,[],latest non-withdrawn preprint,"[""arxiv:2305.03018"",""title_sha256:89214ea9c4d41d8c""]"
WORK-1AD5564F25ACF064,REC-030A349885C6007C,REC-030A349885C6007C,True,unique,1.0,,[],latest non-withdrawn preprint,"[""arxiv:2305.04887"",""title_sha256:a0ac50b8fd447357""]"
WORK-F0F6763FD5695323,REC-5F8D8FEE55A44AE2,REC-5F8D8FEE55A44AE2,True,unique,1.0,,[],latest non-withdrawn preprint,"[""arxiv:2305.09834"",""title_sha256:bcc60f6b8ba7c343""]"
WORK-3E03DA9352167DD4,REC-1E7441F9766064EE,REC-1E7441F9766064EE,True,unique,1.0,,[],latest non-withdrawn preprint,"[""arxiv:2305.10838"",""title_sha256:7b553752e83cf704""]"
WORK-2812841B4B991927,REC-03B61755E4BFDD6B,REC-03B61755E4BFDD6B,True,unique,1.0,,[],latest non-withdrawn preprint,"[""arxiv:2305.12824"",""title_sha256:4cc66578672fc989""]"
WORK-1077CC27B9DBB0E7,REC-EB622A25C915E5D5,REC-EB622A25C915E5D5,True,unique,1.0,,[],latest non-withdrawn preprint,"[""arxiv:2305.15999"",""title_sha256:21de77404ba7609d""]"
WORK-2D44FCCE8D9826E3,REC-66B094C6BAA51FA7,REC-66B094C6BAA51FA7,True,unique,1.0,,[],latest non-withdrawn preprint,"[""arxiv:2305.18691"",""title_sha256:fd0ab8ca309b2d55""]"
WORK-973A8436D1EDB6AE,REC-1C939925CE9E62FF,REC-1C939925CE9E62FF,True,unique,1.0,,[],peer-reviewed manifestation; latest version breaks ties,"[""doi:10.1109/fpl60245.2023.00020"",""arxiv:2305.19896"",""title_sha256:9b11ecf4c79ec641""]"
WORK-D2AC7DC7828CC30D,REC-0F2A03A0DF86FD27,REC-0F2A03A0DF86FD27,True,unique,1.0,,[],latest non-withdrawn preprint,"[""arxiv:2306.05021"",""title_sha256:bd00c23ef56d4095""]"
WORK-ABC385BEAF195807,REC-0ED11F871A636313,REC-0ED11F871A636313,True,unique,1.0,,[],peer-reviewed manifestation; latest version breaks ties,"[""doi:10.1109/fpl60245.2023.00042"",""arxiv:2306.08746"",""title_sha256:0ee483e23317b76e""]"
WORK-F7174A46A928C00B,REC-5B72DD0EC4232AAC,REC-5B72DD0EC4232AAC,True,unique,1.0,,[],latest non-withdrawn preprint,"[""arxiv:2307.07319"",""title_sha256:222fbacb02e3b384""]"
WORK-623D701A22B5E4FE,REC-1C3DF74FE00A7869,REC-1C3DF74FE00A7869,True,unique,1.0,,[],peer-reviewed manifestation; latest version breaks ties,"[""doi:10.1007/s11227-023-05578-5"",""arxiv:2308.04261"",""title_sha256:90df90ac34b47b5f""]"
WORK-EEA9C79FA86878BA,REC-BCFB3C4AFAE3811E,REC-BCFB3C4AFAE3811E,True,unique,1.0,,[],peer-reviewed manifestation; latest version breaks ties,"[""doi:10.1109/iccad57390.2023.10323650"",""arxiv:2308.05930"",""title_sha256:ca3fc327c52b4559""]"
WORK-A39D9A95839EB26B,REC-1D91E09883329FFA,REC-1D91E09883329FFA,True,unique,1.0,,[],latest non-withdrawn preprint,"[""arxiv:2308.06849"",""title_sha256:7214042257397746""]"
WORK-17A0A20AECE62821,REC-5379D6B857EA5D12,REC-5379D6B857EA5D12,True,unique,1.0,,[],latest non-withdrawn preprint,"[""arxiv:2308.13922"",""title_sha256:da14d97068c75092""]"
WORK-55DD95AAFB8A7368,REC-A4176B89BC21CA65,REC-A4176B89BC21CA65,True,unique,1.0,,[],latest non-withdrawn preprint,"[""arxiv:2309.12917"",""title_sha256:bab32c4ba1b391e0""]"
WORK-F2094FB5495FFE07,REC-03737A3859757540,REC-03737A3859757540,True,unique,1.0,,[],latest non-withdrawn preprint,"[""arxiv:2310.01906"",""title_sha256:b832c506e3de7963""]"
WORK-B4E78ACC064EADB3,REC-BCED24E48DF96CCD,REC-BCED24E48DF96CCD,True,unique,1.0,,[],latest non-withdrawn preprint,"[""arxiv:2310.02654"",""title_sha256:bdb66545b4678ce1""]"
WORK-2A491AA890291851,REC-366753D8F671C3E6,REC-366753D8F671C3E6,True,unique,1.0,,[],peer-reviewed manifestation; latest version breaks ties,"[""doi:10.1109/iccad57390.2023.10323839"",""arxiv:2310.04618"",""title_sha256:9259d43a4e8983b6""]"
WORK-E82CFE468C9C41A7,REC-3F04DF5486FF18BF,REC-3F04DF5486FF18BF,True,unique,1.0,,[],latest non-withdrawn preprint,"[""arxiv:2310.09949"",""title_sha256:ed97321b1c83b547""]"
WORK-5727C5705326A8F4,REC-951785FA7828CC56,REC-951785FA7828CC56,True,unique,1.0,,[],latest non-withdrawn preprint,"[""arxiv:2311.04581"",""title_sha256:8ac65c43604c780b""]"
WORK-7B9EAF883E2299D5,REC-432F7854F5018CF5,REC-432F7854F5018CF5,True,unique,1.0,,[],latest non-withdrawn preprint,"[""arxiv:2311.12082"",""title_sha256:da835cb3139d09fb""]"
WORK-C12145DDB7423D65,REC-D9405439DEC665EE,REC-D9405439DEC665EE,True,unique,1.0,,[],latest non-withdrawn preprint,"[""arxiv:2311.12359"",""title_sha256:350f44a2f7e5c71e""]"
WORK-688ADEA2C66217F1,REC-8079DF7689E5D2AD,REC-8079DF7689E5D2AD,True,unique,1.0,,[],latest non-withdrawn preprint,"[""arxiv:2311.12449"",""title_sha256:7accc67c8baa63a3""]"
WORK-07EED84E7B19B4D8,REC-03DB065D26928ABC,REC-03DB065D26928ABC,True,unique,1.0,,[],latest non-withdrawn preprint,"[""arxiv:2312.14392"",""title_sha256:95f0e6fd54f3d009""]"
WORK-E16D1DA19CB5E658,REC-69006487AF098BB4,REC-69006487AF098BB4,True,unique,1.0,,[],peer-reviewed manifestation; latest version breaks ties,"[""doi:10.1145/3656177"",""arxiv:2312.15159"",""title_sha256:45a7faaa4f81ad33""]"
WORK-6BF0820D9150F9CA,REC-AA2294917DBE09FA,REC-AA2294917DBE09FA,True,unique,1.0,,[],peer-reviewed manifestation; latest version breaks ties,"[""doi:10.14778/3675034.3675047"",""arxiv:2401.01150"",""title_sha256:31b0658a1d8d56f7""]"
WORK-9533F9E8878DED1F,REC-0E92CE28414078EE,REC-0E92CE28414078EE,True,unique,1.0,,[],peer-reviewed manifestation; latest version breaks ties,"[""doi:10.1109/access.2024.3480977"",""arxiv:2401.02721"",""title_sha256:eca2d904dc0766f8""]"
WORK-E236C8566735C650,REC-9DD301C82F69C383,REC-9DD301C82F69C383,True,unique,1.0,,[],latest non-withdrawn preprint,"[""arxiv:2401.03868"",""title_sha256:61b99f27282d1f27""]"
WORK-88E810112C6CFB1C,REC-18A9873A1ED2419D,REC-18A9873A1ED2419D,True,unique,1.0,,[],latest non-withdrawn preprint,"[""arxiv:2401.05154"",""title_sha256:c0434565ca247a76""]"
WORK-EE39B4EBD76D99F0,REC-5D437477A3B3F0CC,REC-5D437477A3B3F0CC,True,unique,1.0,,[],peer-reviewed manifestation; latest version breaks ties,"[""doi:10.3390/app15020586"",""arxiv:2401.09890"",""title_sha256:ab02a08745ef376c""]"
WORK-343E52C3DEBB2F14,REC-AAF5141FDB3D1BC0,REC-AAF5141FDB3D1BC0,True,unique,1.0,,[],latest non-withdrawn preprint,"[""arxiv:2401.10364"",""title_sha256:a548aabda842823d""]"
WORK-803E18BC7DD41B34,REC-EB5DF096D8CCF2D9,REC-EB5DF096D8CCF2D9,True,unique,1.0,,[],peer-reviewed manifestation; latest version breaks ties,"[""doi:10.1145/3626202.3637569"",""arxiv:2401.10417"",""title_sha256:fdb6f28cec748a55""]"
WORK-925B1E9E93E8CEA5,REC-8C100552CB5EC8D8,REC-8C100552CB5EC8D8,True,unique,1.0,,[],peer-reviewed manifestation; latest version breaks ties,"[""doi:10.1109/iscas58744.2024.10558636"",""arxiv:2401.11851"",""title_sha256:8ada09549fd6fb3a""]"
WORK-FF56FF204D587668,REC-F95950AEA19221D0,REC-F95950AEA19221D0,True,unique,1.0,,[],peer-reviewed manifestation; latest version breaks ties,"[""arxiv:2402.01047"",""title_sha256:7e5d09685b1e2a52""]"
WORK-EBB5303DC48E2539,REC-8D280CE74606BAF2,REC-8D280CE74606BAF2,True,unique,1.0,,[],peer-reviewed manifestation; latest version breaks ties,"[""doi:10.1109/aicas59952.2024.10595893"",""arxiv:2402.09109"",""title_sha256:57886361b825c41f""]"
WORK-3FBBD67FEE61574E,REC-E7AE600E045763D8,REC-E7AE600E045763D8,True,unique,1.0,,[],latest non-withdrawn preprint,"[""arxiv:2402.09709"",""title_sha256:a33858788c087cd2""]"
WORK-D199528F945B1582,REC-E1548173957F8389,REC-E1548173957F8389,True,unique,1.0,,[],latest non-withdrawn preprint,"[""arxiv:2402.14307"",""title_sha256:2fed52a2f7038c56""]"
WORK-DB4EB90004DA1A28,REC-89DB69AA1112A17A,REC-89DB69AA1112A17A,True,unique,1.0,,[],latest non-withdrawn preprint,"[""arxiv:2403.01215"",""title_sha256:56e5f63206dfb954""]"
WORK-EAD196538EAD217A,REC-501B131BCCDB0BBF,REC-501B131BCCDB0BBF,True,unique,1.0,,[],latest non-withdrawn preprint,"[""arxiv:2403.10686"",""title_sha256:ee445f3062e67f72""]"
WORK-D29C7D406D84ED7B,REC-8315B7014468B835,REC-8315B7014468B835,True,unique,1.0,,[],latest non-withdrawn preprint,"[""arxiv:2403.14047"",""title_sha256:ef6aa6046e784d32""]"
WORK-B29B269F41E6E9D8,REC-C011C30026F65B8A,REC-C011C30026F65B8A,True,unique,1.0,,[],latest non-withdrawn preprint,"[""arxiv:2403.20230"",""title_sha256:3d95b0e2dbbe7fe9""]"
WORK-EEC00CC9B71ED381,REC-2A1E7F2B5FE644D9,REC-2A1E7F2B5FE644D9,True,unique,1.0,,[],latest non-withdrawn preprint,"[""arxiv:2404.04527"",""title_sha256:00dc00c61763af66""]"
WORK-76F4A5C5EB66904E,REC-EC01639CBEC45A37,REC-EC01639CBEC45A37,True,unique,1.0,,[],peer-reviewed manifestation; latest version breaks ties,"[""doi:10.1109/lad62341.2024.10691721"",""arxiv:2404.07235"",""title_sha256:32502e06a6006143""]"
WORK-4627BBCBFE1BA7BB,REC-50F6BA42D72FB565,REC-50F6BA42D72FB565,True,unique,1.0,,[],latest non-withdrawn preprint,"[""arxiv:2404.10896"",""title_sha256:852f8a462903f9ce""]"
WORK-DEBFBC79713631D6,REC-40DE72B605CF02EB,REC-40DE72B605CF02EB,True,unique,1.0,,[],peer-reviewed manifestation; latest version breaks ties,"[""doi:10.1145/3649329.3655679"",""arxiv:2404.15185"",""title_sha256:e19db225591ef801""]"
WORK-07267F46FB72A6F4,REC-8CA067D69DCD7740,REC-8CA067D69DCD7740,True,unique,1.0,,[],latest non-withdrawn preprint,"[""arxiv:2404.16158"",""title_sha256:935619ca806b703c""]"
WORK-586F8BE993539508,REC-A8FC56A3513C926D,REC-A8FC56A3513C926D,True,unique,1.0,,[],latest non-withdrawn preprint,"[""arxiv:2405.00738"",""title_sha256:6da8ad1679044711""]"
WORK-340988B7272F355C,REC-EE5E845B0F2772CA,REC-EE5E845B0F2772CA,True,unique,1.0,,[],peer-reviewed manifestation; latest version breaks ties,"[""doi:10.1109/icons62911.2024.00024"",""arxiv:2405.01419"",""title_sha256:eaeb0328d0657f3e""]"
WORK-20095DCFBB515DC4,REC-F03EEDBB96B92664,REC-F03EEDBB96B92664,True,unique,1.0,,[],latest non-withdrawn preprint,"[""arxiv:2405.01775"",""title_sha256:c9eb52e81fbfde74""]"
WORK-EEBD5BB2B5030D8A,REC-CB909EA926A5AC72,REC-CB909EA926A5AC72,True,unique,1.0,,[],latest non-withdrawn preprint,"[""arxiv:2405.11353"",""title_sha256:c938f00796ac03a2""]"
WORK-A823F85577A14D7F,REC-DC3D7EFD2F28A99F,REC-DC3D7EFD2F28A99F,True,unique,1.0,,[],peer-reviewed manifestation; latest version breaks ties,"[""doi:10.1109/tcsi.2025.3526585"",""arxiv:2405.15923"",""title_sha256:e7ebe1067ce08f45""]"
WORK-AFCF36F1CB0AA7CD,REC-F65FD886EFF07883,REC-F65FD886EFF07883,True,unique,1.0,,[],latest non-withdrawn preprint,"[""arxiv:2405.17025"",""title_sha256:19e945113bd65543""]"
WORK-BCAC51FD8CA6A5B2,REC-76DBC4C4BEB42ABB,REC-76DBC4C4BEB42ABB,True,unique,1.0,,[],latest non-withdrawn preprint,"[""arxiv:2405.19948"",""title_sha256:26c02fb398d79d8b""]"
WORK-957AE18C470B37D1,REC-B98F65C951D2121A,REC-B98F65C951D2121A,True,unique,1.0,,[],peer-reviewed manifestation; latest version breaks ties,"[""doi:10.14778/3749646.3749655"",""arxiv:2406.12385"",""title_sha256:fdc9b19dbc389d77""]"
WORK-93D0810BFBBF88FE,REC-A53433EACA5A3E39,REC-A53433EACA5A3E39,True,unique,1.0,,[],latest non-withdrawn preprint,"[""arxiv:2406.14593"",""title_sha256:390648b0b9d62306""]"
WORK-7FCCD0EEA2C805D1,REC-29297747619229E3,REC-29297747619229E3,True,unique,1.0,,[],latest non-withdrawn preprint,"[""arxiv:2406.14854"",""title_sha256:7eb48ceb1646aa73""]"
WORK-B3F56AF3B0A65385,REC-CB40F46E4458382D,REC-CB40F46E4458382D,True,unique,1.0,,[],peer-reviewed manifestation; latest version breaks ties,"[""doi:10.1145/3767295.3803584"",""arxiv:2406.17995"",""title_sha256:213a186e952698e2""]"
WORK-16239B4D93E0EEE1,REC-0A53F8CDE071DFAB,REC-0A53F8CDE071DFAB,True,unique,1.0,,[],latest non-withdrawn preprint,"[""arxiv:2407.01011"",""title_sha256:602cc976779aa4f7""]"
WORK-9E47F2761A534CB2,REC-CE605F5FE8275050,REC-CE605F5FE8275050,True,unique,1.0,,[],latest non-withdrawn preprint,"[""arxiv:2407.01549"",""title_sha256:7f10399e12bb3cad""]"
WORK-28A5F262F9D93710,REC-2E8C2D5C8564F14C,REC-2E8C2D5C8564F14C,True,unique,1.0,,[],latest non-withdrawn preprint,"[""arxiv:2407.02913"",""title_sha256:d0ef7e2edcf13b28""]"
WORK-02E3CB04168BDD85,REC-52DB9C1A84C344D5,REC-52DB9C1A84C344D5,True,unique,1.0,,[],latest non-withdrawn preprint,"[""arxiv:2407.05521"",""title_sha256:f89b2ea4e26c08c2""]"
WORK-3B8C5897C48327F6,REC-6C5ABE261E433D60,REC-6C5ABE261E433D60,True,unique,1.0,,[],peer-reviewed manifestation; latest version breaks ties,"[""doi:10.1109/aiot63253.2024.00017"",""arxiv:2407.11041"",""title_sha256:5b38a198d7d1760d""]"
WORK-13DC055F6B287384,REC-B7DAC6E64AEA32C6,REC-B7DAC6E64AEA32C6,True,unique,1.0,,[],latest non-withdrawn preprint,"[""arxiv:2407.12736"",""title_sha256:81651d601c4a075b""]"
WORK-BED06F498C6E0F22,REC-179585D01665ABA3,REC-179585D01665ABA3,True,unique,1.0,,[],latest non-withdrawn preprint,"[""arxiv:2407.17879"",""title_sha256:f771317e3edbfb51""]"
WORK-B71A12BC8DBBFD57,REC-4810175E48EBE449,REC-4810175E48EBE449,True,unique,1.0,,[],latest non-withdrawn preprint,"[""arxiv:2407.18175"",""title_sha256:73d8a1758da5f417""]"
WORK-0CC1892518243ABD,REC-09DEF0F386F31DC0,REC-09DEF0F386F31DC0,True,unique,1.0,,[],peer-reviewed manifestation; latest version breaks ties,"[""arxiv:2407.18255"",""title_sha256:2c6d5a169dd936c9""]"
WORK-5E396BFE815B3DBB,REC-B4C13EE048139933,REC-B4C13EE048139933,True,unique,1.0,,[],latest non-withdrawn preprint,"[""arxiv:2407.21325"",""title_sha256:ac045c6b51482b7e""]"
WORK-04C9E3214FC7C3F0,REC-949433116AB006C6,REC-949433116AB006C6,True,unique,1.0,,[],latest non-withdrawn preprint,"[""arxiv:2408.00462"",""title_sha256:a1b321370e2b30b1""]"
WORK-D4B3A489C62524CA,REC-770179015FF9EE68,REC-770179015FF9EE68,True,unique,1.0,,[],latest non-withdrawn preprint,"[""arxiv:2408.06810"",""title_sha256:826f1edb71b7ef36""]"
WORK-BC2DDDB47284E509,REC-CCE11013FD53FD03,REC-CCE11013FD53FD03,True,unique,1.0,,[],peer-reviewed manifestation; latest version breaks ties,"[""doi:10.1109/percomworkshops56833.2023.10150339"",""arxiv:2408.16495"",""title_sha256:488e66ed53fa731b""]"
WORK-DCE09D929C018AE2,REC-1E3A0B27361246BF,REC-1E3A0B27361246BF,True,unique,1.0,,[],latest non-withdrawn preprint,"[""arxiv:2409.00661"",""title_sha256:ce2ac0909865a34a""]"
WORK-34E0764C9E4AD293,REC-78DA1BBA4525C9E1,REC-78DA1BBA4525C9E1,True,unique,1.0,,[],latest non-withdrawn preprint,"[""arxiv:2409.03384"",""title_sha256:dce21c4688aa2da0""]"
WORK-1088AF5881ECBED8,REC-6099EE66504F6EF2,REC-6099EE66504F6EF2,True,unique,1.0,,[],latest non-withdrawn preprint,"[""arxiv:2409.05207"",""title_sha256:c893f606c80cd423""]"
WORK-EEBD41A0C917C476,REC-2861404557D1782A,REC-2861404557D1782A,True,unique,1.0,,[],latest non-withdrawn preprint,"[""arxiv:2409.09689"",""title_sha256:52701ef96fd48294""]"
WORK-617566A76A0E7098,REC-D80BA185FF6CE5BD,REC-D80BA185FF6CE5BD,True,unique,1.0,,[],latest non-withdrawn preprint,"[""arxiv:2409.11424"",""title_sha256:0b7ff09a623bc630""]"
WORK-2C89087AD30358EE,REC-00876C5760C7308E,REC-00876C5760C7308E,True,unique,1.0,,[],latest non-withdrawn preprint,"[""arxiv:2409.13975"",""title_sha256:aea92dd74d69923d""]"
WORK-81D018F95FDAAD3B,REC-4D7BFF9A0A171A01,REC-4D7BFF9A0A171A01,True,unique,1.0,,[],peer-reviewed manifestation; latest version breaks ties,"[""doi:10.1109/icfpt64416.2024.11113430"",""arxiv:2409.14023"",""title_sha256:42a6b23cf93509f0""]"
WORK-6C6395218D8B95A4,REC-3219982CADC13B0C,REC-3219982CADC13B0C,True,unique,1.0,,[],latest non-withdrawn preprint,"[""arxiv:2409.14912"",""title_sha256:96879934f28b4193""]"
WORK-49843E6B36F898D3,REC-32CC94372EE77D83,REC-32CC94372EE77D83,True,unique,1.0,,[],peer-reviewed manifestation; latest version breaks ties,"[""doi:10.1007/978-3-032-10554-7_20"",""arxiv:2410.03294"",""title_sha256:48a7ae4c18bd5446""]"
WORK-9FF656BD3283AD20,REC-9C66DFA2ACB829E8,REC-9C66DFA2ACB829E8,True,unique,1.0,,[],latest non-withdrawn preprint,"[""arxiv:2410.04466"",""title_sha256:e3b926d14cbc7b2e""]"
WORK-80E2F738232FBD17,REC-90F9BA0E8090E56C,REC-90F9BA0E8090E56C,True,unique,1.0,,[],latest non-withdrawn preprint,"[""arxiv:2410.04805"",""title_sha256:91f524225e9f5a0f""]"
WORK-4B5392ACD395831A,REC-EF524C7130F26BAD,REC-EF524C7130F26BAD,True,unique,1.0,,[],latest non-withdrawn preprint,"[""arxiv:2410.05686"",""title_sha256:e3bc94b6665d2fe5""]"
WORK-9311EA0539A12637,REC-62D71FDC9956799A,REC-62D71FDC9956799A,True,unique,1.0,,[],peer-reviewed manifestation; latest version breaks ties,"[""doi:10.1007/s11042-024-18159-2"",""arxiv:2410.09227"",""title_sha256:b4839e998fe019d0""]"
WORK-B25288B0C34E5D63,REC-DD28132BF04122F9,REC-DD28132BF04122F9,True,unique,1.0,,[],latest non-withdrawn preprint,"[""arxiv:2410.10714"",""title_sha256:5b524df175bc9b4c""]"
WORK-A55C651F3AD0F7D8,REC-053F8CE5FE90B1D2,REC-053F8CE5FE90B1D2,True,unique,1.0,,[],peer-reviewed manifestation; latest version breaks ties,"[""doi:10.1145/3676536.3676649"",""arxiv:2410.13079"",""title_sha256:cb7e0dbdb9fdccbb""]"
WORK-471FF9FFFF66EBEF,REC-D17ED0BF4F48BE11,REC-D17ED0BF4F48BE11,True,unique,1.0,,[],peer-reviewed manifestation; latest version breaks ties,"[""doi:10.1145/3620666.3651324"",""arxiv:2410.15008"",""title_sha256:4265d6afe2e0409c""]"
WORK-14283B78961A8BD0,REC-C048DE10B21EE1B8,REC-C048DE10B21EE1B8,True,unique,1.0,,[],latest non-withdrawn preprint,"[""arxiv:2410.23083"",""title_sha256:4fd49f154b99cbeb""]"
WORK-BB05D1FE7F29FD30,REC-36C4AAA4FD4ACA93,REC-36C4AAA4FD4ACA93,True,unique,1.0,,[],latest non-withdrawn preprint,"[""arxiv:2411.03697"",""title_sha256:018798a2e435a0b8""]"
WORK-216914A5D9B159E3,REC-C89D508C9645DB7B,REC-C89D508C9645DB7B,True,unique,1.0,,[],latest non-withdrawn preprint,"[""arxiv:2411.10948"",""title_sha256:bfdeb5901c73c442""]"
WORK-0673CDF1421E1159,REC-78E9518BF6FC6EBF,REC-78E9518BF6FC6EBF,True,unique,1.0,,[],peer-reviewed manifestation; latest version breaks ties,"[""doi:10.1145/3705324"",""arxiv:2411.11384"",""title_sha256:125088f880b489c3""]"
WORK-9A3F28DCB535C9EA,REC-AD576C077EF03A16,REC-AD576C077EF03A16,True,unique,1.0,,[],peer-reviewed manifestation; latest version breaks ties,"[""doi:10.1016/j.micpro.2025.105223"",""arxiv:2411.18148"",""title_sha256:c8f4d40084cade97""]"
WORK-78349001A79A275F,REC-57B890A5DC77C4AA,REC-57B890A5DC77C4AA,True,unique,1.0,,[],latest non-withdrawn preprint,"[""arxiv:2411.18330"",""title_sha256:0593b092d489d273""]"
WORK-9EB01DDF67D140A4,REC-361ADBB8874502B6,REC-361ADBB8874502B6,True,unique,1.0,,[],latest non-withdrawn preprint,"[""arxiv:2412.17571"",""title_sha256:43e614223b889086""]"
WORK-150F543E36D36727,REC-D7B209C7FF8D65B2,REC-D7B209C7FF8D65B2,True,unique,1.0,,[],latest non-withdrawn preprint,"[""arxiv:2412.19171"",""title_sha256:77384fe9fc134b94""]"
WORK-5EB0A88480FEE487,REC-170585CD873D413E,REC-170585CD873D413E,True,unique,1.0,,[],latest non-withdrawn preprint,"[""arxiv:2501.01259"",""title_sha256:8aaf8f621834e12f""]"
WORK-FB787E5DAF7E9A79,REC-8D6ACCD4E099C008,REC-8D6ACCD4E099C008,True,unique,1.0,,[],peer-reviewed manifestation; latest version breaks ties,"[""doi:10.1145/3706628.3708877"",""arxiv:2501.01511"",""title_sha256:dd5dbe0498228b6f""]"
WORK-DF0318D2EDCFD441,REC-AC7A77515D490E82,REC-AC7A77515D490E82,True,unique,1.0,,[],latest non-withdrawn preprint,"[""arxiv:2501.04845"",""title_sha256:928662b744e8469b""]"
WORK-7716359A1AFFF134,REC-04D1F7D833DB856C,REC-04D1F7D833DB856C,True,unique,1.0,,[],latest non-withdrawn preprint,"[""arxiv:2501.06663"",""title_sha256:59475024c60a0673""]"
WORK-E2723B3FAAA77953,REC-01007E919BA67615,REC-01007E919BA67615,True,unique,1.0,,[],latest non-withdrawn preprint,"[""arxiv:2501.06921"",""title_sha256:6b53f2ccfb0d47a5""]"
WORK-DB47ABDF312E1C33,REC-F9910295847671D0,REC-F9910295847671D0,True,unique,1.0,,[],peer-reviewed manifestation; latest version breaks ties,"[""doi:10.1145/3706628.3708878"",""arxiv:2501.09118"",""title_sha256:0a9ab52f4be742b4""]"
WORK-6CEF5028F277834A,REC-856C24626DD738E5,REC-856C24626DD738E5,True,unique,1.0,,[],peer-reviewed manifestation; latest version breaks ties,"[""doi:10.1145/3769307"",""arxiv:2501.09242"",""title_sha256:379ef7ae3fd6df78""]"
WORK-2D5833E4E8C5815D,REC-1ABE8CB7844BC247,REC-1ABE8CB7844BC247,True,unique,1.0,,[],latest non-withdrawn preprint,"[""arxiv:2501.11867"",""title_sha256:498c2c21d01f3b6e""]"
WORK-64BECC3FEF9D1B24,REC-F511D5DFCA074FB4,REC-F511D5DFCA074FB4,True,unique,1.0,,[],latest non-withdrawn preprint,"[""arxiv:2501.12003"",""title_sha256:1d003000a60fabe0""]"
WORK-851A188056BBF585,REC-5B2530528709F6B9,REC-5B2530528709F6B9,True,unique,1.0,,[],latest non-withdrawn preprint,"[""arxiv:2501.12032"",""title_sha256:f21b3e745527aa2f""]"
WORK-4FE0B6DCA859E174,REC-7CB959417EB26834,REC-7CB959417EB26834,True,unique,1.0,,[],latest non-withdrawn preprint,"[""arxiv:2501.12300"",""title_sha256:463084a1c9a58555""]"
WORK-9BF05A93BDD17C66,REC-41EB5F1536296C6C,REC-41EB5F1536296C6C,True,unique,1.0,,[],peer-reviewed manifestation; latest version breaks ties,"[""doi:10.1109/lascas67804.2026.11457137"",""arxiv:2501.13379"",""title_sha256:95539df491ab6a4c""]"
WORK-63032F7C7DF149CE,REC-2C0E34856A04F65F,REC-2C0E34856A04F65F,True,unique,1.0,,[],latest non-withdrawn preprint,"[""arxiv:2501.14512"",""title_sha256:a0ac0d2ab6d8bd2e""]"
WORK-1A49E51497ADC66F,REC-12C9D1ED9EF711FB,REC-12C9D1ED9EF711FB,True,unique,1.0,,[],latest non-withdrawn preprint,"[""arxiv:2501.19135"",""title_sha256:9357ec0490395e42""]"
WORK-C87240FC0F2E6EEB,REC-9C5B33458C163E1C,REC-9C5B33458C163E1C,True,unique,1.0,,[],latest non-withdrawn preprint,"[""arxiv:2502.00026"",""title_sha256:6948b2c158cd8650""]"
WORK-C6067E0D99737E90,REC-E1978C76FDD941FD,REC-E1978C76FDD941FD,True,unique,1.0,,[],latest non-withdrawn preprint,"[""arxiv:2502.02404"",""title_sha256:3fdfc23efeeae6fd""]"
WORK-96541CBE8359181A,REC-37D418A5B0CD24F0,REC-37D418A5B0CD24F0,True,unique,1.0,,[],latest non-withdrawn preprint,"[""arxiv:2502.05602"",""title_sha256:a2d59070d8e3a684""]"
WORK-76ACBFCD99E4F225,REC-397AA2E8B322E5B6,REC-397AA2E8B322E5B6,True,unique,1.0,,[],peer-reviewed manifestation; latest version breaks ties,"[""doi:10.1145/3795794"",""arxiv:2502.05850"",""title_sha256:1657b1a3e9dab3dc""]"
WORK-4D8DFA0A5AEB0E27,REC-7DA72502BFE51076,REC-7DA72502BFE51076,True,unique,1.0,,[],latest non-withdrawn preprint,"[""arxiv:2502.07796"",""title_sha256:13aaf6111347d037""]"
WORK-ECEF69A1B2E67BCF,REC-614E448623940710,REC-614E448623940710,True,unique,1.0,,[],latest non-withdrawn preprint,"[""arxiv:2502.10659"",""title_sha256:0851399bfbc3a4af""]"
WORK-A5AD48CEA945F948,REC-BCA6BA5940337BB3,REC-BCA6BA5940337BB3,True,unique,1.0,,[],latest non-withdrawn preprint,"[""arxiv:2502.13705"",""title_sha256:0458339f7b085e36""]"
WORK-A1B348125B5B8EE0,REC-561FD75C12B8EF91,REC-561FD75C12B8EF91,True,unique,1.0,,[],latest non-withdrawn preprint,"[""arxiv:2502.15260"",""title_sha256:2ffb8a12aca7e66f""]"
WORK-E00CB83B7759876D,REC-13722C8F89C40F15,REC-13722C8F89C40F15,True,unique,1.0,,[],peer-reviewed manifestation; latest version breaks ties,"[""doi:10.1063/5.0303050"",""arxiv:2502.16141"",""title_sha256:2c1753c593d59ebf""]"
WORK-5BE94FE918019CC7,REC-9EEECBE6F301F9A2,REC-9EEECBE6F301F9A2,True,unique,1.0,,[],latest non-withdrawn preprint,"[""arxiv:2502.16473"",""title_sha256:9bee5f8cd0974641""]"
WORK-1D29B54F5B295494,REC-688C296AB31CFA2F,REC-688C296AB31CFA2F,True,unique,1.0,,[],latest non-withdrawn preprint,"[""arxiv:2502.16823"",""title_sha256:806bf195dc6f9240""]"
WORK-A6EAA22E56A14119,REC-507EEB2F277BB4EB,REC-507EEB2F277BB4EB,True,unique,1.0,,[],latest non-withdrawn preprint,"[""arxiv:2503.01138"",""title_sha256:b19c3c923d37559a""]"
WORK-2F3189F97665F2A4,REC-D97610736AA58551,REC-D97610736AA58551,True,unique,1.0,,[],peer-reviewed manifestation; latest version breaks ties,"[""doi:10.1016/j.neucom.2025.130417"",""arxiv:2503.02891"",""title_sha256:669bdaf6af45cd84""]"
WORK-ACBBE67E114A3837,REC-4BEC5993271B5F05,REC-4BEC5993271B5F05,True,unique,1.0,,[],latest non-withdrawn preprint,"[""arxiv:2503.03088"",""title_sha256:a98b487e8789f8f8""]"
WORK-9EDD0480557C4F6D,REC-29CEB82FFB7D60B1,REC-29CEB82FFB7D60B1,True,unique,1.0,,[],latest non-withdrawn preprint,"[""arxiv:2503.08823"",""title_sha256:bb6451f43da8486b""]"
WORK-569E8221840CA718,REC-8038055899F288DD,REC-8038055899F288DD,True,unique,1.0,,[],latest non-withdrawn preprint,"[""arxiv:2503.11663"",""title_sha256:6c41e706929bddda""]"
WORK-F05D9D4A331C98ED,REC-E47480B3889FF9C0,REC-E47480B3889FF9C0,True,unique,1.0,,[],latest non-withdrawn preprint,"[""arxiv:2503.11685"",""title_sha256:0a58ff00b089c76e""]"
WORK-467D637F1A5F438C,REC-EA4C0FAA7D7F488C,REC-EA4C0FAA7D7F488C,True,unique,1.0,,[],latest non-withdrawn preprint,"[""arxiv:2503.16731"",""title_sha256:ed06917734c3da72""]"
WORK-C9F3EF12C84E4446,REC-AB2731AA91BB679A,REC-AB2731AA91BB679A,True,unique,1.0,,[],latest non-withdrawn preprint,"[""arxiv:2504.01806"",""title_sha256:fdd6c7dd7f79083b""]"
WORK-ABA659CF3411B26B,REC-A9B512BD33750559,REC-A9B512BD33750559,True,unique,1.0,,[],latest non-withdrawn preprint,"[""arxiv:2504.09561"",""title_sha256:eed67584e21bf32d""]"
WORK-61DC4DE62095456B,REC-971FEFE09F7F6727,REC-971FEFE09F7F6727,True,unique,1.0,,[],latest non-withdrawn preprint,"[""arxiv:2504.10411"",""title_sha256:dc683890c576e773""]"
WORK-90955D75450E115F,REC-C3B39CB94F1B4C76,REC-C3B39CB94F1B4C76,True,unique,1.0,,[],peer-reviewed manifestation; latest version breaks ties,"[""doi:10.1109/icassp49660.2025.10889132"",""arxiv:2504.11124"",""title_sha256:142d96c69ad3971e""]"
WORK-433F583F5D6169F5,REC-4A2A4509290BC306,REC-4A2A4509290BC306,True,unique,1.0,,[],latest non-withdrawn preprint,"[""arxiv:2504.14641"",""title_sha256:229d0df07921ea35""]"
WORK-91AE5CC8F766B61B,REC-74DFFEF8FFD0B3C6,REC-74DFFEF8FFD0B3C6,True,unique,1.0,,[],latest non-withdrawn preprint,"[""arxiv:2504.16112"",""title_sha256:4311dfce2198bfcd""]"
WORK-EDCEC112A1B67954,REC-0A35BCF12DE7E299,REC-0A35BCF12DE7E299,True,unique,1.0,,[],latest non-withdrawn preprint,"[""arxiv:2504.16266"",""title_sha256:6144851ac2c67fcd""]"
WORK-3E70F9D5F5091C07,REC-7EB569AC45BB6577,REC-7EB569AC45BB6577,True,unique,1.0,,[],latest non-withdrawn preprint,"[""arxiv:2504.16269"",""title_sha256:28aa3af82119b874""]"
WORK-C8B396D704EF5C5B,REC-27F112DB592D26A2,REC-27F112DB592D26A2,True,unique,1.0,,[],latest non-withdrawn preprint,"[""arxiv:2504.17376"",""title_sha256:4875ca364a25805d""]"
WORK-DB818A275A846AAF,REC-58388E3A8C4C4CC3,REC-58388E3A8C4C4CC3,True,unique,1.0,,[],peer-reviewed manifestation; latest version breaks ties,"[""doi:10.1109/ijcnn64981.2025.11227243"",""arxiv:2504.17929"",""title_sha256:853b4429b53a3538""]"
WORK-41CDD344CD15800B,REC-0084AA0272388588,REC-0084AA0272388588,True,unique,1.0,,[],latest non-withdrawn preprint,"[""arxiv:2504.21187"",""title_sha256:68687a482d2b9d12""]"
WORK-7C8209B4880448DD,REC-1C8427A2FAEFACE4,REC-1C8427A2FAEFACE4,True,unique,1.0,,[],latest non-withdrawn preprint,"[""arxiv:2505.03745"",""title_sha256:0c03055e0a931e78""]"
WORK-7AABDC9D131906D0,REC-8C8DCF083E462893,REC-8C8DCF083E462893,True,unique,1.0,,[],peer-reviewed manifestation; latest version breaks ties,"[""doi:10.1109/dspa64310.2025.10977914"",""arxiv:2505.06578"",""title_sha256:cade06c761265238""]"
WORK-B7CE54A4CCB0BACE,REC-EEF9D996052FB8A2,REC-EEF9D996052FB8A2,True,unique,1.0,,[],latest non-withdrawn preprint,"[""arxiv:2505.06847"",""title_sha256:b9c547abffc63524""]"
WORK-60B1C9D0623A6E5B,REC-CF124426CCD42DE6,REC-CF124426CCD42DE6,True,unique,1.0,,[],latest non-withdrawn preprint,"[""arxiv:2505.08992"",""title_sha256:0d17fde0911bbee3""]"
WORK-5D5B279866BF5641,REC-C4AB2AB8C1CF67B5,REC-C4AB2AB8C1CF67B5,True,unique,1.0,,[],latest non-withdrawn preprint,"[""arxiv:2505.12771"",""title_sha256:ac6bfc60f364ed4b""]"
WORK-7E5BEFE3BBF58F02,REC-504E4904B99F7C5E,REC-504E4904B99F7C5E,True,unique,1.0,,[],latest non-withdrawn preprint,"[""arxiv:2505.16335"",""title_sha256:0453e1ce9cf9ecab""]"
WORK-E10D2BD8734A5A86,REC-55C6CBE6658E4D6D,REC-55C6CBE6658E4D6D,True,unique,1.0,,[],peer-reviewed manifestation; latest version breaks ties,"[""doi:10.1109/isvlsi65124.2025.11130202"",""arxiv:2505.17662"",""title_sha256:caf284105c10d48c""]"
WORK-543487817DE55ABF,REC-6FA4AA8C0ADE1CF7,REC-6FA4AA8C0ADE1CF7,True,unique,1.0,,[],latest non-withdrawn preprint,"[""arxiv:2505.18975"",""title_sha256:1b63552f9aae4b6c""]"
WORK-147A4DB2F932B9D4,REC-6001BF8DB461EEBB,REC-6001BF8DB461EEBB,True,unique,1.0,,[],latest non-withdrawn preprint,"[""arxiv:2505.20250"",""title_sha256:2b51985d65fe36a1""]"
WORK-B70CE0BFC848F2F4,REC-C9B23D5F0BA8A1A3,REC-C9B23D5F0BA8A1A3,True,unique,1.0,,[],latest non-withdrawn preprint,"[""arxiv:2505.22194"",""title_sha256:7c50cca88ca9f489""]"
WORK-6CC82E126E7F7E8D,REC-BA79F5E84B429763,REC-BA79F5E84B429763,True,unique,1.0,,[],peer-reviewed manifestation; latest version breaks ties,"[""doi:10.1145/3800686"",""arxiv:2506.03938"",""title_sha256:145fb110d62a7b29""]"
WORK-1290984A89B382E5,REC-58EA590C04E33E29,REC-58EA590C04E33E29,True,unique,1.0,,[],peer-reviewed manifestation; latest version breaks ties,"[""doi:10.1109/tim.2025.3575977"",""arxiv:2506.04780"",""title_sha256:9e261e128ab89fad""]"
WORK-70C42CB787DC11F4,REC-6304EAE6041C2B77,REC-6304EAE6041C2B77,True,unique,1.0,,[],latest non-withdrawn preprint,"[""arxiv:2506.08496"",""title_sha256:77229dd4415943ee""]"
WORK-3D07E20C120729BE,REC-BCC3E9EFF1B93E62,REC-BCC3E9EFF1B93E62,True,unique,1.0,,[],peer-reviewed manifestation; latest version breaks ties,"[""doi:10.1109/vlsi-soc54400.2022.9939621"",""arxiv:2506.12971"",""title_sha256:f529519af1c0b1e8""]"
WORK-FA38C0965552AE57,REC-69F340FD9A5D9F2E,REC-69F340FD9A5D9F2E,True,unique,1.0,,[],latest non-withdrawn preprint,"[""arxiv:2506.15613"",""title_sha256:79ac307cda9d18b2""]"
WORK-11B82327E2BBCBFB,REC-DCFB7010F089D86B,REC-DCFB7010F089D86B,True,unique,1.0,,[],latest non-withdrawn preprint,"[""arxiv:2506.18003"",""title_sha256:7e2f730fba79fe56""]"
WORK-95A79F278CCE5A25,REC-A9265AD0192938C0,REC-A9265AD0192938C0,True,unique,1.0,,[],latest non-withdrawn preprint,"[""arxiv:2506.20810"",""title_sha256:b413c4167da4e8c1""]"
WORK-A9368ACFA4EA0FD6,REC-09794B47FC51DBAE,REC-09794B47FC51DBAE,True,unique,1.0,,[],latest non-withdrawn preprint,"[""arxiv:2507.01035"",""title_sha256:ee0b2234ed4348e6""]"
WORK-0154F48F925C2E65,REC-804DE81A30D8BC62,REC-804DE81A30D8BC62,True,unique,1.0,,[],latest non-withdrawn preprint,"[""arxiv:2507.03308"",""title_sha256:baf1f8d1f8327030""]"
WORK-0865C46561B46F1F,REC-DE3DA0389AC93D33,REC-DE3DA0389AC93D33,True,unique,1.0,,[],latest non-withdrawn preprint,"[""arxiv:2507.04315"",""title_sha256:8fa5330fdf08df65""]"
WORK-D7D399B194F3B590,REC-43EBA3F96335295D,REC-43EBA3F96335295D,True,unique,1.0,,[],latest non-withdrawn preprint,"[""arxiv:2507.10912"",""title_sha256:7bdd0e187b8e70ec""]"
WORK-6391DDFC7C781C3D,REC-D4D0D4D6341705BB,REC-D4D0D4D6341705BB,True,unique,1.0,,[],latest non-withdrawn preprint,"[""arxiv:2507.11549"",""title_sha256:d0e0467bb8ce5cbd""]"
WORK-BC7348FFDFDE1D96,REC-5300A102BA97CB5B,REC-5300A102BA97CB5B,True,unique,1.0,,[],latest non-withdrawn preprint,"[""arxiv:2507.12418"",""title_sha256:a178b9bf94cf4d70""]"
WORK-A34BBA66476F4AD5,REC-3E83647529A0BF93,REC-3E83647529A0BF93,True,unique,1.0,,[],latest non-withdrawn preprint,"[""arxiv:2507.14139"",""title_sha256:a3cb068dae8aaa60""]"
WORK-89E744CABC88AC81,REC-928C37379AB66C32,REC-928C37379AB66C32,True,unique,1.0,,[],latest non-withdrawn preprint,"[""arxiv:2507.17962"",""title_sha256:cfb4334319f1e3d9""]"
WORK-26328C11C60EF5A6,REC-C1B45DD5CFFDEF49,REC-C1B45DD5CFFDEF49,True,unique,1.0,,[],latest non-withdrawn preprint,"[""arxiv:2507.20420"",""title_sha256:4f448fa76a7307cf""]"
WORK-0C40CA296579F793,REC-70FF806962EDBD4E,REC-70FF806962EDBD4E,True,unique,1.0,,[],latest non-withdrawn preprint,"[""arxiv:2507.22374"",""title_sha256:f6c82d6d1dabb255""]"
WORK-227B756559009085,REC-D675CF108CBF8BAA,REC-D675CF108CBF8BAA,True,unique,1.0,,[],latest non-withdrawn preprint,"[""arxiv:2508.03062"",""title_sha256:fc0f15d83e17f03a""]"
WORK-D493AF8AFB822938,REC-A84588B0F7BE86BC,REC-A84588B0F7BE86BC,True,unique,1.0,,[],latest non-withdrawn preprint,"[""arxiv:2508.07431"",""title_sha256:8def5849d6b93b60""]"
WORK-A5C89A8FAF05933A,REC-1229847FA1C1D549,REC-1229847FA1C1D549,True,unique,1.0,,[],latest non-withdrawn preprint,"[""arxiv:2508.08709"",""title_sha256:d6a68125223db8ae""]"
WORK-DE1374C0AC8B542C,REC-374F2F1C49957DA6,REC-B9BB1B48E25209CD,False,exact_arxiv,1.0,,"[{""identity_namespace"":""arxiv"",""identity_value"":""2508.10303"",""other_record_id"":""REC-B9BB1B48E25209CD"",""rule"":""exact_arxiv""},{""identity_namespace"":""title"",""identity_value"":""diffaxe diffusion driven hardware accelerator generation and design space exploration"",""other_record_id"":""REC-B9BB1B48E25209CD"",""rule"":""exact_title""}]",latest non-withdrawn preprint,"[""arxiv:2508.10303"",""title_sha256:dedf7105a02c7b8b""]"
WORK-DE1374C0AC8B542C,REC-B9BB1B48E25209CD,REC-B9BB1B48E25209CD,True,preferred_manifestation,1.0,,"[{""identity_namespace"":""arxiv"",""identity_value"":""2508.10303"",""other_record_id"":""REC-374F2F1C49957DA6"",""rule"":""exact_arxiv""},{""identity_namespace"":""title"",""identity_value"":""diffaxe diffusion driven hardware accelerator generation and design space exploration"",""other_record_id"":""REC-374F2F1C49957DA6"",""rule"":""exact_title""}]",latest non-withdrawn preprint,"[""arxiv:2508.10303"",""title_sha256:dedf7105a02c7b8b""]"
WORK-BDE73567632ABDE0,REC-867BF18E2ADEBF6C,REC-867BF18E2ADEBF6C,True,unique,1.0,,[],latest non-withdrawn preprint,"[""arxiv:2508.10370"",""title_sha256:b2e0fa1e910bd32d""]"
WORK-03A819E438C41218,REC-55AF74F48541DBB8,REC-55AF74F48541DBB8,True,unique,1.0,,[],latest non-withdrawn preprint,"[""arxiv:2508.10904"",""title_sha256:f5427faa8a231b99""]"
WORK-A23779F50004E7DD,REC-0AB8E04D7DD6C72A,REC-0AB8E04D7DD6C72A,True,unique,1.0,,[],peer-reviewed manifestation; latest version breaks ties,"[""doi:10.1088/2632-2153/ae51dd"",""arxiv:2508.11594"",""title_sha256:121302ba96f51c7d""]"
WORK-F3CC25F6B6D57A1A,REC-1C63BBF0DA4696BC,REC-1C63BBF0DA4696BC,True,unique,1.0,,[],latest non-withdrawn preprint,"[""arxiv:2508.13478"",""title_sha256:ba6cd33375958faa""]"
WORK-5333E781778558B3,REC-2524EF73E57121D9,REC-2524EF73E57121D9,True,unique,1.0,,[],peer-reviewed manifestation; latest version breaks ties,"[""doi:10.1109/isc266238.2025.11293267"",""arxiv:2508.13905"",""title_sha256:ccbe044d52fe9575""]"
WORK-9E32F1C8110F6B21,REC-805AE51C4211C504,REC-805AE51C4211C504,True,unique,1.0,,"[{""alternative"":""manual_adjudication"",""attempted_rule"":""exact_doi"",""component_level"":false,""conflicting_fields"":[""arxiv_id"",""first_author"",""title""],""conflicting_record_pairs"":[{""conflicting_fields"":[""arxiv_id"",""title"",""first_author""],""left_record_id"":""REC-805AE51C4211C504"",""right_record_id"":""REC-4E361D4CBDFC8F53"",""similarity"":59.55056179775281}],""identity_namespace"":""doi"",""identity_value"":""10.1109/icfpt67023.2025.00030"",""other_record_id"":""REC-4E361D4CBDFC8F53"",""rule"":""contradictory_identity""}]",peer-reviewed manifestation; latest version breaks ties,"[""doi:10.1109/icfpt67023.2025.00030"",""arxiv:2508.15468"",""title_sha256:db4759d016a367a6""]"
WORK-AB82EA688DA83D58,REC-F6EE464E0EAC055F,REC-F6EE464E0EAC055F,True,unique,1.0,,[],latest non-withdrawn preprint,"[""arxiv:2508.20334"",""title_sha256:44b0be62dbe569cd""]"
WORK-F2DC066E5598BF81,REC-6CF049B6B7FF9E23,REC-6CF049B6B7FF9E23,True,unique,1.0,,[],latest non-withdrawn preprint,"[""arxiv:2509.00589"",""title_sha256:ca22ccab4e6ed81b""]"
WORK-7D61846EDABE888E,REC-A9812738B0D3FDF8,REC-A9812738B0D3FDF8,True,unique,1.0,,[],latest non-withdrawn preprint,"[""arxiv:2509.01149"",""title_sha256:1bbaa614684cdc7b""]"
WORK-EF452969ACBB9FAC,REC-FD2B3322B61290F3,REC-FD2B3322B61290F3,True,unique,1.0,,[],latest non-withdrawn preprint,"[""arxiv:2509.04162"",""title_sha256:e26c2240aac54998""]"
WORK-F23C2D3F2B094530,REC-908FFDB34685B693,REC-908FFDB34685B693,True,unique,1.0,,[],peer-reviewed manifestation; latest version breaks ties,"[""doi:10.1145/3725843.3762817"",""arxiv:2509.13694"",""title_sha256:a17305f0e060e440""]"
WORK-3743FA26ADD8EF20,REC-BEACC83B64B951BF,REC-BEACC83B64B951BF,True,unique,1.0,,[],latest non-withdrawn preprint,"[""arxiv:2509.13765"",""title_sha256:23470f8ebcc55180""]"
WORK-AC1953D0DD6AB7C3,REC-C9DCCD19015DC11E,REC-C9DCCD19015DC11E,True,unique,1.0,,[],latest non-withdrawn preprint,"[""arxiv:2509.15076"",""title_sha256:8267703d1ed7d83d""]"
WORK-B4D1C8CE3592F127,REC-E4632083C47944B3,REC-E4632083C47944B3,True,unique,1.0,,[],latest non-withdrawn preprint,"[""arxiv:2509.15097"",""title_sha256:9dc09d4773350fc9""]"
WORK-E2FF24E7DB4BBD32,REC-2D053154E4E78BA8,REC-2D053154E4E78BA8,True,unique,1.0,,[],peer-reviewed manifestation; latest version breaks ties,"[""doi:10.1088/2634-4386/ae66b2"",""arxiv:2509.17355"",""title_sha256:4c1384a42950a17b""]"
WORK-B62C79FB5627F382,REC-BE520FAB2229160E,REC-BE520FAB2229160E,True,unique,1.0,,[],latest non-withdrawn preprint,"[""arxiv:2509.24425"",""title_sha256:99fa81e3401eb090""]"
WORK-16DC17039A44A993,REC-525F07C62996AA0D,REC-525F07C62996AA0D,True,unique,1.0,,[],latest non-withdrawn preprint,"[""arxiv:2509.26335"",""title_sha256:66691a0913da5839""]"
WORK-3C1CFB27AB6B5985,REC-939579D7FA707D17,REC-939579D7FA707D17,True,unique,1.0,,[],latest non-withdrawn preprint,"[""arxiv:2510.01598"",""title_sha256:d17013d6eb33e40d""]"
WORK-F9981FF5B94E8822,REC-65FB5420A0B12A25,REC-65FB5420A0B12A25,True,unique,1.0,,[],peer-reviewed manifestation; latest version breaks ties,"[""doi:10.1109/tcsi.2026.3682627"",""arxiv:2510.03516"",""title_sha256:708557e40cd9ac4f""]"
WORK-46BEA550E8BFE22F,REC-FE659F378ED5871B,REC-FE659F378ED5871B,True,unique,1.0,,[],latest non-withdrawn preprint,"[""arxiv:2510.10225"",""title_sha256:05698e616ebea498""]"
WORK-1B294A2D3BFB3BF1,REC-28937A3B820B31B6,REC-28937A3B820B31B6,True,unique,1.0,,[],peer-reviewed manifestation; latest version breaks ties,"[""doi:10.1038/s41467-026-70556-3"",""arxiv:2510.14060"",""title_sha256:3cef332729ed28dd""]"
WORK-D98F092B3E212C22,REC-48B14D3F981A4130,REC-48B14D3F981A4130,True,unique,1.0,,[],latest non-withdrawn preprint,"[""arxiv:2510.15926"",""title_sha256:44cfdc854076d8fe""]"
WORK-D09592325C3D6F51,REC-DD588E778AEE07F4,REC-DD588E778AEE07F4,True,unique,1.0,,[],latest non-withdrawn preprint,"[""arxiv:2510.16418"",""title_sha256:17cb90880655377e""]"
WORK-7DC64A388C42E261,REC-965CCFFDE7F04B1C,REC-965CCFFDE7F04B1C,True,unique,1.0,,[],latest non-withdrawn preprint,"[""arxiv:2510.21745"",""title_sha256:a2f0c237bdbbdf67""]"
WORK-E994FA217D820FE4,REC-462BCA4753C78ACE,REC-462BCA4753C78ACE,True,unique,1.0,,[],latest non-withdrawn preprint,"[""arxiv:2510.22243"",""title_sha256:750ad50df6d8355a""]"
WORK-CC16B9A0F03A6260,REC-EABB5667866DC451,REC-EABB5667866DC451,True,unique,1.0,,[],peer-reviewed manifestation; latest version breaks ties,"[""doi:10.1109/aiot66900.2025.00021"",""arxiv:2510.24738"",""title_sha256:63ede83d3f46ec5e""]"
WORK-8AF4153EE2C14AC4,REC-7A1FA14A8DCA183B,REC-7A1FA14A8DCA183B,True,unique,1.0,,[],latest non-withdrawn preprint,"[""arxiv:2510.24784"",""title_sha256:5737a4f63f1005c2""]"
WORK-6D096A5C1BB8CE45,REC-9979CC5AB4BD1317,REC-9979CC5AB4BD1317,True,unique,1.0,,[],latest non-withdrawn preprint,"[""arxiv:2510.24985"",""title_sha256:302115b72a61d02b""]"
WORK-9CB6E8866B0671AC,REC-12ADC59BADCFF351,REC-12ADC59BADCFF351,True,unique,1.0,,[],peer-reviewed manifestation; latest version breaks ties,"[""doi:10.1109/icfpt67023.2025.00013"",""arxiv:2511.00812"",""title_sha256:b4a257b2e8db75b6""]"
WORK-16A3F379BECF832A,REC-5F3EF920419354F6,REC-5F3EF920419354F6,True,unique,1.0,,[],peer-reviewed manifestation; latest version breaks ties,"[""doi:10.1145/3787490"",""arxiv:2511.05615"",""title_sha256:12ee2b1a99d7d3da""]"
WORK-CBBDA38C4BD4D8B3,REC-3ED97335A1D4DAF1,REC-3ED97335A1D4DAF1,True,unique,1.0,,[],latest non-withdrawn preprint,"[""arxiv:2511.06174"",""title_sha256:063d8d5ef53d41b1""]"
WORK-B47023C29E686E48,REC-5D415BE753409B13,REC-5D415BE753409B13,True,unique,1.0,,[],latest non-withdrawn preprint,"[""arxiv:2511.06767"",""title_sha256:8296403cf00f1940""]"
WORK-7F057BB7FC916EC9,REC-5F3D8033CA8716D1,REC-5F3D8033CA8716D1,True,unique,1.0,,[],latest non-withdrawn preprint,"[""arxiv:2511.08135"",""title_sha256:762d1920aeddfaf5""]"
WORK-F18636AB5FA5D7E7,REC-A09E64F97FA61561,REC-A09E64F97FA61561,True,unique,1.0,,[],latest non-withdrawn preprint,"[""arxiv:2511.13676"",""title_sha256:393f43c484c50a87""]"
WORK-1F4A9AE690A421DC,REC-ED5450FF15872377,REC-ED5450FF15872377,True,unique,1.0,,[],latest non-withdrawn preprint,"[""arxiv:2511.15323"",""title_sha256:acac70ab5f0dd021""]"
WORK-B98B10173C8823FF,REC-5C4ADC39D64D338C,REC-5C4ADC39D64D338C,True,unique,1.0,,[],peer-reviewed manifestation; latest version breaks ties,"[""doi:10.1109/mcsoc67473.2025.00108"",""arxiv:2511.15505"",""title_sha256:378033c3041b0596""]"
WORK-222E3401CF429125,REC-0FC0CC9FC50469EE,REC-0FC0CC9FC50469EE,True,unique,1.0,,[],latest non-withdrawn preprint,"[""arxiv:2511.22889"",""title_sha256:44bd579777cc78d3""]"
WORK-D7B06D61582C8D39,REC-92F308C0D23DBD70,REC-92F308C0D23DBD70,True,unique,1.0,,[],latest non-withdrawn preprint,"[""arxiv:2512.00016"",""title_sha256:95d61a0dba14f35c""]"
WORK-84D489636861F87C,REC-F678D73F154843E5,REC-F678D73F154843E5,True,unique,1.0,,[],peer-reviewed manifestation; latest version breaks ties,"[""doi:10.1109/access.2025.3636266"",""arxiv:2512.00335"",""title_sha256:076cd45605c50939""]"
WORK-A0F72D4F2FF027A7,REC-795EC13A60CA2881,REC-795EC13A60CA2881,True,unique,1.0,,[],latest non-withdrawn preprint,"[""arxiv:2512.11550"",""title_sha256:4c1e8506fb780ff2""]"
WORK-0730D94F1FAFFE1E,REC-A3A7195BE5E5F981,REC-A3A7195BE5E5F981,True,unique,1.0,,[],latest non-withdrawn preprint,"[""arxiv:2512.11920"",""title_sha256:3f9047689904f125""]"
WORK-777A6B684FCC057A,REC-83B76CC7809050A0,REC-83B76CC7809050A0,True,unique,1.0,,[],latest non-withdrawn preprint,"[""arxiv:2512.13263"",""title_sha256:6cfbb9fd22eb0c41""]"
WORK-AAFE9325F0AE4FEE,REC-3E67D6E6336EB3E9,REC-3E67D6E6336EB3E9,True,unique,1.0,,[],peer-reviewed manifestation; latest version breaks ties,"[""arxiv:2512.14762"",""title_sha256:49924b81f92baac9""]"
WORK-9A24FCF25C9CF85A,REC-BB32A1B6674133E8,REC-BB32A1B6674133E8,True,unique,1.0,,[],latest non-withdrawn preprint,"[""arxiv:2512.15515"",""title_sha256:16ad30204a9fe675""]"
WORK-9BA57A8E909BF25D,REC-2514284B7C63EDA7,REC-2514284B7C63EDA7,True,unique,1.0,,[],latest non-withdrawn preprint,"[""arxiv:2512.15838"",""title_sha256:7d6185db01833c41""]"
WORK-C62C90F1440FC4A3,REC-510075C37D685110,REC-510075C37D685110,True,unique,1.0,,[],latest non-withdrawn preprint,"[""arxiv:2512.23914"",""title_sha256:89dbdcc42cb1a027""]"
WORK-3A37BBC235AD6733,REC-A0B5993AEECCF0B8,REC-A0B5993AEECCF0B8,True,unique,1.0,,[],latest non-withdrawn preprint,"[""arxiv:2512.24713"",""title_sha256:d5c8e8566d072c9c""]"
WORK-F722142B1B386E2D,REC-136E0A6CF2902F8E,REC-136E0A6CF2902F8E,True,unique,1.0,,[],latest non-withdrawn preprint,"[""arxiv:2601.02135"",""title_sha256:f6a08279e0e89c75""]"
WORK-D62EC097E3F9A0EF,REC-9C84CD6F53E668CB,REC-9C84CD6F53E668CB,True,unique,1.0,,[],latest non-withdrawn preprint,"[""arxiv:2601.06065"",""title_sha256:618bbb41dac721d4""]"
WORK-7A94CFC13901DAC9,REC-57D5901E46D93621,REC-57D5901E46D93621,True,unique,1.0,,[],latest non-withdrawn preprint,"[""arxiv:2601.07130"",""title_sha256:9980b5ba4968d7a7""]"
WORK-A89B5AEDBB0E756D,REC-FEAA09BB86B0EBDA,REC-FEAA09BB86B0EBDA,True,unique,1.0,,[],latest non-withdrawn preprint,"[""arxiv:2601.09217"",""title_sha256:6c1f0731ba74082b""]"
WORK-94518A8DDCA5A5CE,REC-B0590D78EA1EFC4E,REC-B0590D78EA1EFC4E,True,unique,1.0,,[],latest non-withdrawn preprint,"[""arxiv:2601.14098"",""title_sha256:1943060b84b1f6b5""]"
WORK-E7D0E6CB21E15E0B,REC-B43B25ED6C25AA2D,REC-B43B25ED6C25AA2D,True,unique,1.0,,[],latest non-withdrawn preprint,"[""arxiv:2601.15151"",""title_sha256:29d453ddc97f7d19""]"
WORK-7081D6F93A40D169,REC-F7C40BB06A37B794,REC-F7C40BB06A37B794,True,unique,1.0,,[],latest non-withdrawn preprint,"[""arxiv:2601.15710"",""title_sha256:8c23cbbbacde3893""]"
WORK-868F7BE976E229B3,REC-4E361D4CBDFC8F53,REC-4E361D4CBDFC8F53,True,unique,1.0,,"[{""alternative"":""manual_adjudication"",""attempted_rule"":""exact_doi"",""component_level"":false,""conflicting_fields"":[""arxiv_id"",""first_author"",""title""],""conflicting_record_pairs"":[{""conflicting_fields"":[""arxiv_id"",""title"",""first_author""],""left_record_id"":""REC-805AE51C4211C504"",""right_record_id"":""REC-4E361D4CBDFC8F53"",""similarity"":59.55056179775281}],""identity_namespace"":""doi"",""identity_value"":""10.1109/icfpt67023.2025.00030"",""other_record_id"":""REC-805AE51C4211C504"",""rule"":""contradictory_identity""}]",peer-reviewed manifestation; latest version breaks ties,"[""doi:10.1109/icfpt67023.2025.00030"",""arxiv:2601.17215"",""title_sha256:d35083bb82e5a84b""]"
WORK-58F50C85F6C41FB0,REC-AA20210441F740E6,REC-AA20210441F740E6,True,unique,1.0,,[],latest non-withdrawn preprint,"[""arxiv:2601.17806"",""title_sha256:9a6a38daf1c15852""]"
WORK-B0A5569EBF86F257,REC-8545F20267A68E40,REC-8545F20267A68E40,True,unique,1.0,,[],latest non-withdrawn preprint,"[""arxiv:2601.19413"",""title_sha256:29c7149c849e31ce""]"
WORK-CE8604E56EAC2D7F,REC-5DE990D2A7F4ED8B,REC-5DE990D2A7F4ED8B,True,unique,1.0,,[],latest non-withdrawn preprint,"[""arxiv:2601.22804"",""title_sha256:0e827f4d1c417497""]"
WORK-13666109D1E8DF37,REC-23229B1B1C344FB1,REC-23229B1B1C344FB1,True,unique,1.0,,[],latest non-withdrawn preprint,"[""arxiv:2602.02005"",""title_sha256:4f8cab62a5cc5973""]"
WORK-A561EB5BAF3EFFDF,REC-D287787009EA9CFE,REC-D287787009EA9CFE,True,unique,1.0,,[],latest non-withdrawn preprint,"[""arxiv:2602.06085"",""title_sha256:b80d95524f24e7fc""]"
WORK-05E3F9EC4680C080,REC-6959A58704BD803C,REC-6959A58704BD803C,True,unique,1.0,,[],latest non-withdrawn preprint,"[""arxiv:2602.09410"",""title_sha256:ef084ef9778a6354""]"
WORK-670CC3BF1E64AF0F,REC-47E3674AA323D0A4,REC-47E3674AA323D0A4,True,unique,1.0,,[],latest non-withdrawn preprint,"[""arxiv:2602.18750"",""title_sha256:20de74e439fb1d8f""]"
WORK-B4E6AFDC8B14744B,REC-D73CD39BFAF22510,REC-D73CD39BFAF22510,True,unique,1.0,,[],latest non-withdrawn preprint,"[""arxiv:2602.20515"",""title_sha256:c9edeccaa3a3fb6e""]"
WORK-2C16F10A30467E78,REC-81988529E906B625,REC-81988529E906B625,True,unique,1.0,,[],latest non-withdrawn preprint,"[""arxiv:2603.01556"",""title_sha256:13538779f98e3ea6""]"
WORK-A0AA3299FFD4B55E,REC-6861DF774D045B5D,REC-6861DF774D045B5D,True,unique,1.0,,[],latest non-withdrawn preprint,"[""arxiv:2603.03075"",""title_sha256:24a01438508d0331""]"
WORK-D6F5E32A1CFEB87E,REC-FAC8489480AB16AF,REC-FAC8489480AB16AF,True,unique,1.0,,[],latest non-withdrawn preprint,"[""arxiv:2603.05931"",""title_sha256:0d4bdec544d12830""]"
WORK-0EA70D682C20A538,REC-C5FFB21E3A3121F0,REC-C5FFB21E3A3121F0,True,unique,1.0,,[],peer-reviewed manifestation; latest version breaks ties,"[""doi:10.1016/j.vlsi.2026.102715"",""arxiv:2603.12637"",""title_sha256:963d7cbc2b068ea1""]"
WORK-200199F16387DE63,REC-5C037721F00D95E3,REC-21E9ADD61448834C,False,exact_arxiv,1.0,,"[{""identity_namespace"":""arxiv"",""identity_value"":""2603.14785"",""other_record_id"":""REC-21E9ADD61448834C"",""rule"":""exact_arxiv""},{""identity_namespace"":""title"",""identity_value"":""skipopu an fpga based overlay processor for large language models with dynamically allocated computation"",""other_record_id"":""REC-21E9ADD61448834C"",""rule"":""exact_title""}]",latest non-withdrawn preprint,"[""arxiv:2603.14785"",""title_sha256:2da023870dccbf9d""]"
WORK-200199F16387DE63,REC-21E9ADD61448834C,REC-21E9ADD61448834C,True,preferred_manifestation,1.0,,"[{""identity_namespace"":""arxiv"",""identity_value"":""2603.14785"",""other_record_id"":""REC-5C037721F00D95E3"",""rule"":""exact_arxiv""},{""identity_namespace"":""title"",""identity_value"":""skipopu an fpga based overlay processor for large language models with dynamically allocated computation"",""other_record_id"":""REC-5C037721F00D95E3"",""rule"":""exact_title""}]",latest non-withdrawn preprint,"[""arxiv:2603.14785"",""title_sha256:2da023870dccbf9d""]"
WORK-3924FF0D0D7557D0,REC-324FEBE49170D903,REC-324FEBE49170D903,True,unique,1.0,,[],latest non-withdrawn preprint,"[""arxiv:2603.22600"",""title_sha256:0e100469bea9e7e1""]"
WORK-DC996BA70B1FDD4E,REC-D2CCA02341920D52,REC-D2CCA02341920D52,True,unique,1.0,,[],latest non-withdrawn preprint,"[""arxiv:2603.22867"",""title_sha256:ba494d2ab19a970c""]"
WORK-5A1DBB1006F09888,REC-5DDEE20F5B196B1D,REC-5DDEE20F5B196B1D,True,unique,1.0,,[],latest non-withdrawn preprint,"[""arxiv:2603.23668"",""title_sha256:f0653daff2ad5df7""]"
WORK-6B67737B78AD16BF,REC-BBE0B7CFE2C766EB,REC-1CADB59192072EAC,False,exact_arxiv,1.0,,"[{""identity_namespace"":""arxiv"",""identity_value"":""2603.28239"",""other_record_id"":""REC-1CADB59192072EAC"",""rule"":""exact_arxiv""},{""identity_namespace"":""title"",""identity_value"":""a switch centric in network architecture for accelerating llm inference in shared memory network"",""other_record_id"":""REC-1CADB59192072EAC"",""rule"":""exact_title""}]",latest non-withdrawn preprint,"[""arxiv:2603.28239"",""title_sha256:04f7b7ff780fabf3""]"
WORK-6B67737B78AD16BF,REC-1CADB59192072EAC,REC-1CADB59192072EAC,True,preferred_manifestation,1.0,,"[{""identity_namespace"":""arxiv"",""identity_value"":""2603.28239"",""other_record_id"":""REC-BBE0B7CFE2C766EB"",""rule"":""exact_arxiv""},{""identity_namespace"":""title"",""identity_value"":""a switch centric in network architecture for accelerating llm inference in shared memory network"",""other_record_id"":""REC-BBE0B7CFE2C766EB"",""rule"":""exact_title""}]",latest non-withdrawn preprint,"[""arxiv:2603.28239"",""title_sha256:04f7b7ff780fabf3""]"
WORK-EA9F4D3B9BBE30B0,REC-377F6DCA995797F6,REC-377F6DCA995797F6,True,unique,1.0,,[],latest non-withdrawn preprint,"[""arxiv:2603.29002"",""title_sha256:0172be3fd73ca1ed""]"
WORK-E76CA777606DAE51,REC-1B391A89C0485DFA,REC-1B391A89C0485DFA,True,unique,1.0,,[],latest non-withdrawn preprint,"[""arxiv:2604.04694"",""title_sha256:e95eb430a30b209e""]"
WORK-E8A992F0865B1B47,REC-86EE7D1C5BCC6BE3,REC-86EE7D1C5BCC6BE3,True,unique,1.0,,[],latest non-withdrawn preprint,"[""arxiv:2604.08419"",""title_sha256:d1b4d2c5b64853b9""]"
WORK-EF85EA97A7D151CE,REC-E735B0C0CC6BAEC2,REC-E735B0C0CC6BAEC2,True,unique,1.0,,[],latest non-withdrawn preprint,"[""arxiv:2604.10296"",""title_sha256:5fd60006780b740d""]"
WORK-5B191B16FB75E835,REC-B8F583785D75AE85,REC-B8F583785D75AE85,True,unique,1.0,,[],latest non-withdrawn preprint,"[""arxiv:2604.13933"",""title_sha256:1528b3c3fe0095fe""]"
WORK-19F5686959A45A24,REC-24F11AD2640DE71D,REC-24F11AD2640DE71D,True,unique,1.0,,[],latest non-withdrawn preprint,"[""arxiv:2604.17097"",""title_sha256:0843b6fc530ea3af""]"
WORK-7E7772B22DCA4C40,REC-39AD7E76048C13F1,REC-39AD7E76048C13F1,True,unique,1.0,,[],latest non-withdrawn preprint,"[""arxiv:2604.19856"",""title_sha256:c89dde0449ea4512""]"
WORK-B560590AC55EA932,REC-906ABFB35680FA91,REC-906ABFB35680FA91,True,unique,1.0,,[],latest non-withdrawn preprint,"[""arxiv:2604.21290"",""title_sha256:7a7bd1bfce264aa5""]"
WORK-26427C11840BF2F5,REC-086BFC4543DB0A77,REC-086BFC4543DB0A77,True,unique,1.0,,[],latest non-withdrawn preprint,"[""arxiv:2604.23880"",""title_sha256:1c8eebb6192c6ea0""]"
WORK-30E9FBE10B8E6877,REC-8539603CEC57E49F,REC-8539603CEC57E49F,True,unique,1.0,,[],latest non-withdrawn preprint,"[""arxiv:2605.01935"",""title_sha256:cec315e700afff5f""]"
WORK-4299E2401281F0EA,REC-B0C90C8C1FE0E7CF,REC-B0C90C8C1FE0E7CF,True,unique,1.0,,[],latest non-withdrawn preprint,"[""arxiv:2605.05170"",""title_sha256:c7f4b7e3baf9a986""]"
WORK-B0A12ED57DF00C7D,REC-C2EE0783B7B592BD,REC-C2EE0783B7B592BD,True,unique,1.0,,[],latest non-withdrawn preprint,"[""arxiv:2605.05920"",""title_sha256:6024f8920f61a0f4""]"
WORK-37EB9A4023C0A2ED,REC-952DDF542BB99BA4,REC-952DDF542BB99BA4,True,unique,1.0,,[],latest non-withdrawn preprint,"[""arxiv:2605.06052"",""title_sha256:790b0275978d16de""]"
WORK-DB653FE81637438C,REC-48C8BD37C529BFD7,REC-48C8BD37C529BFD7,True,unique,1.0,,[],latest non-withdrawn preprint,"[""arxiv:2605.06082"",""title_sha256:e62bf032807f1db6""]"
WORK-459F6415C294FF89,REC-0030D8D9BECDB48D,REC-0030D8D9BECDB48D,True,unique,1.0,,[],latest non-withdrawn preprint,"[""arxiv:2605.13507"",""title_sha256:76fbe20fb5b0389b""]"
WORK-10AC642EACF002E1,REC-52B9F62BBB664FC3,REC-FB33D5E71B559051,False,exact_arxiv,1.0,,"[{""identity_namespace"":""arxiv"",""identity_value"":""2605.17222"",""other_record_id"":""REC-FB33D5E71B559051"",""rule"":""exact_arxiv""},{""identity_namespace"":""title"",""identity_value"":""triple hoisted baby step giant step linear transformation over ckks homomorphic encryption and hardware accelerator"",""other_record_id"":""REC-FB33D5E71B559051"",""rule"":""exact_title""}]",latest non-withdrawn preprint,"[""arxiv:2605.17222"",""title_sha256:5561f1f98f456673""]"
WORK-10AC642EACF002E1,REC-FB33D5E71B559051,REC-FB33D5E71B559051,True,preferred_manifestation,1.0,,"[{""identity_namespace"":""arxiv"",""identity_value"":""2605.17222"",""other_record_id"":""REC-52B9F62BBB664FC3"",""rule"":""exact_arxiv""},{""identity_namespace"":""title"",""identity_value"":""triple hoisted baby step giant step linear transformation over ckks homomorphic encryption and hardware accelerator"",""other_record_id"":""REC-52B9F62BBB664FC3"",""rule"":""exact_title""}]",latest non-withdrawn preprint,"[""arxiv:2605.17222"",""title_sha256:5561f1f98f456673""]"
WORK-7578E0474097F144,REC-0D2FAB7474469C66,REC-0D2FAB7474469C66,True,unique,1.0,,[],latest non-withdrawn preprint,"[""arxiv:2605.18444"",""title_sha256:a23b37f95118f603""]"
WORK-4DF889B4362107B9,REC-4B81C38EF3EA8055,REC-4B81C38EF3EA8055,True,unique,1.0,,[],latest non-withdrawn preprint,"[""arxiv:2605.19199"",""title_sha256:9439b2369728ad13""]"
WORK-0D23C125FBBF7BBC,REC-0C1041A492BBE78B,REC-0C1041A492BBE78B,True,unique,1.0,,[],latest non-withdrawn preprint,"[""arxiv:2605.19399"",""title_sha256:2ea484331a89701c""]"
WORK-F9BEB64E51C0FD3F,REC-10744E88807F3025,REC-10744E88807F3025,True,unique,1.0,,[],latest non-withdrawn preprint,"[""arxiv:2606.07246"",""title_sha256:ce3fb1f3a975a565""]"
WORK-0C5876E71D35C1A4,REC-3997FA16D99A7164,REC-3997FA16D99A7164,True,unique,1.0,,[],latest non-withdrawn preprint,"[""arxiv:2606.11117"",""title_sha256:7da13b1df7d64df0""]"
WORK-932D47CAB99B7F0C,REC-02EB72AEF9B113D9,REC-02EB72AEF9B113D9,True,unique,1.0,,[],latest non-withdrawn preprint,"[""arxiv:2606.12556"",""title_sha256:be431b1213951aa2""]"
WORK-E3C23A5A06FB662D,REC-A0B0390046E2E6F5,REC-A0B0390046E2E6F5,True,unique,1.0,,[],latest non-withdrawn preprint,"[""arxiv:2606.13708"",""title_sha256:97a6d930b9b527b2""]"
WORK-043BA2068422D2D7,REC-4C1B20A6E3DE81C3,REC-4C1B20A6E3DE81C3,True,unique,1.0,,[],latest non-withdrawn preprint,"[""arxiv:2606.15045"",""title_sha256:2c1f9572a184aeeb""]"
WORK-0139482664CC6D3D,REC-72DC5BAC04D90C54,REC-72DC5BAC04D90C54,True,unique,1.0,,[],peer-reviewed manifestation; latest version breaks ties,"[""arxiv:2606.15744"",""title_sha256:abdd75b1c17a8c55""]"
WORK-C17F1C5F4F33655A,REC-1C97721CCD37B094,REC-1C97721CCD37B094,True,unique,1.0,,[],latest non-withdrawn preprint,"[""arxiv:2606.16440"",""title_sha256:44f21cd93b5d292c""]"
WORK-7A99FC1B33CD890B,REC-0EFADB30331858A2,REC-0EFADB30331858A2,True,unique,1.0,,[],latest non-withdrawn preprint,"[""arxiv:2606.17959"",""title_sha256:b7269f091d9b2104""]"
WORK-CDB436B695CE5A3C,REC-C63FAD4BB750FE4C,REC-C63FAD4BB750FE4C,True,unique,1.0,,[],latest non-withdrawn preprint,"[""arxiv:2606.22621"",""title_sha256:5f2c77f4da36afd5""]"
WORK-24598D19210758BA,REC-25D1D3FB6640874F,REC-25D1D3FB6640874F,True,unique,1.0,,[],latest non-withdrawn preprint,"[""arxiv:2606.23541"",""title_sha256:7e4b5441fac610bd""]"
WORK-52B6DB71CE1A8E32,REC-63FB82EAD3C7188A,REC-922C6E25EEDB6165,False,exact_arxiv,1.0,,"[{""identity_namespace"":""arxiv"",""identity_value"":""2606.27350"",""other_record_id"":""REC-922C6E25EEDB6165"",""rule"":""exact_arxiv""},{""identity_namespace"":""title"",""identity_value"":""chia an open source framework for principled agentic ai driven hardware software co design research"",""other_record_id"":""REC-922C6E25EEDB6165"",""rule"":""exact_title""}]",latest non-withdrawn preprint,"[""arxiv:2606.27350"",""title_sha256:068402913e43957a""]"
WORK-52B6DB71CE1A8E32,REC-922C6E25EEDB6165,REC-922C6E25EEDB6165,True,preferred_manifestation,1.0,,"[{""identity_namespace"":""arxiv"",""identity_value"":""2606.27350"",""other_record_id"":""REC-63FB82EAD3C7188A"",""rule"":""exact_arxiv""},{""identity_namespace"":""title"",""identity_value"":""chia an open source framework for principled agentic ai driven hardware software co design research"",""other_record_id"":""REC-63FB82EAD3C7188A"",""rule"":""exact_title""}]",latest non-withdrawn preprint,"[""arxiv:2606.27350"",""title_sha256:068402913e43957a""]"
WORK-4D0993E80DC312D2,REC-90FA67A1B637BEA1,REC-90FA67A1B637BEA1,True,unique,1.0,,[],latest non-withdrawn preprint,"[""arxiv:2606.31695"",""title_sha256:b912932ef8a3ef97""]"
WORK-003EF2CAF21772CA,REC-CC1778CFFA15521D,REC-CC1778CFFA15521D,True,unique,1.0,,[],latest non-withdrawn preprint,"[""arxiv:2606.31938"",""title_sha256:5115f925ce426c1a""]"
WORK-87033E0A8219A09D,REC-108DD28A7C9AB62D,REC-108DD28A7C9AB62D,True,unique,1.0,,[],latest non-withdrawn preprint,"[""arxiv:2607.00621"",""title_sha256:e8e0f8f7a80101db""]"
WORK-9DBAD599AAE207AE,REC-01720AD4700AA4A1,REC-01720AD4700AA4A1,True,unique,1.0,,[],latest non-withdrawn preprint,"[""arxiv:2607.01798"",""title_sha256:5dc65984b8dcf242""]"
WORK-D3E4F7D8ADDAB7E9,REC-DCFB2D3622A71A68,REC-DCFB2D3622A71A68,True,unique,1.0,,[],latest non-withdrawn preprint,"[""arxiv:2607.02376"",""title_sha256:6b0a082ed27df2be""]"
WORK-928EA6B97FB61C3A,REC-C963AD29DE58DB45,REC-C963AD29DE58DB45,True,unique,1.0,,[],latest non-withdrawn preprint,"[""arxiv:2607.03652"",""title_sha256:770be3e0aaa4ff5c""]"
WORK-21314B2F4925C448,REC-EA143A4A252C95C7,REC-EA143A4A252C95C7,True,unique,1.0,,[],latest non-withdrawn preprint,"[""arxiv:2607.07597"",""title_sha256:449dbfdada1464a1""]"
WORK-705E62583203237A,REC-07755277A14E36BC,REC-07755277A14E36BC,True,unique,1.0,,[],latest non-withdrawn preprint,"[""arxiv:2607.07643"",""title_sha256:3ed590e2820cabf9""]"
WORK-8D9EF9A9E1E53F36,REC-6A586600EEDCB118,REC-6A586600EEDCB118,True,unique,1.0,,[],peer-reviewed manifestation; latest version breaks ties,"[""doi:10.1007/978-3-031-42467-0_8"",""arxiv:2607.10900"",""title_sha256:bc9ada4cdad49aaf""]"
WORK-3CAB3D32CF889A6E,REC-3C1BB60FF7107D12,REC-3C1BB60FF7107D12,True,unique,1.0,,[],latest non-withdrawn preprint,"[""arxiv:2607.11585"",""title_sha256:e2b3a6a16500bd96""]"
WORK-5D14DC009BB4E4B8,REC-26BE38724CE14F44,REC-26BE38724CE14F44,True,unique,1.0,,[],latest non-withdrawn preprint,"[""arxiv:2607.15123"",""title_sha256:36dfb5b1004b835a""]"
WORK-A2410A6A9D530694,REC-BD77A6758C470A7E,REC-BD77A6758C470A7E,True,unique,1.0,,[],latest non-withdrawn preprint,"[""arxiv:2607.18285"",""title_sha256:f0c4f0986e02e415""]"
WORK-0D2A08EACB2F8B91,REC-3D8BAE87506248E2,REC-3D8BAE87506248E2,True,unique,1.0,,[],latest non-withdrawn preprint,"[""arxiv:2607.18533"",""title_sha256:25ecc730c7e9fda4""]"
WORK-EE23639BCF888EF2,REC-9293F046B0D112DC,REC-9293F046B0D112DC,True,unique,1.0,,[],latest non-withdrawn preprint,"[""arxiv:2607.21825"",""title_sha256:da7318dbada6bfd7""]"
WORK-40E95001A06B7010,REC-E66ED844D509AC26,REC-E66ED844D509AC26,True,unique,1.0,,[],peer-reviewed manifestation; latest version breaks ties,"[""doi:10.1142/s2705109925500014"",""arxiv:2607.22786"",""title_sha256:b903f002368baa3c""]"
WORK-1BC18618FBC2578A,REC-05CE8CF08628F250,REC-05CE8CF08628F250,True,unique,1.0,,[],latest non-withdrawn preprint,"[""arxiv:2607.24998"",""title_sha256:4de648b887ffc8e2""]"
WORK-29BB177BBFFA63F4,REC-EAAAF4FE370E17FC,REC-EAAAF4FE370E17FC,True,unique,1.0,,[],latest non-withdrawn preprint,"[""arxiv:2607.25174"",""title_sha256:c07ff867a703d3ab""]"
WORK-264D264CABCBD741,REC-BA4F44A6E9632049,REC-BA4F44A6E9632049,True,unique,1.0,,[],latest non-withdrawn preprint,"[""arxiv:2608.00909"",""title_sha256:cb2697f863da7305""]"
WORK-79241B008FBAF547,REC-541008175C865D59,REC-541008175C865D59,True,unique,1.0,,[],latest non-withdrawn preprint,"[""arxiv:2608.03033"",""title_sha256:b36d52e9201388e2""]"
